AA,ALCOA INC
AAC,ARCADIA FINL LTD
AAE,AMDOCS AUTOMATIC COM EXCHANG
AAG,AMERICAN ANNUITY GROUP INC
AAG PT,AMERICAN ANNUITY GRP CAP TR
AAM,AAMES FINL CORP
AAP,AMWAY ASIA PACIFIC LTD
AAR,AMR CORP DEL
AAS,AMERISOURCE HEALTH CORP
AAT,ALL AMERN TERM TR INC
ABF,AIRBORNE FGHT CORP
ABG,GROUPE AB SA
ABJ,ALABAMA PWR CO
ABK,AMBAC FINL GROUP INC
ABM,ABM INDS INC
ABN,ABN AMRO HLDG N V
ABN PA,ABN AMRO CAP FDG TR I
ABN PB,ABN AMRO CAP FDG TR II
ABP,AMERN BUSINESS PRODS INC GA
ABS,ALBERTSONS INC
ABT,ABBOTT LABS
ABX,BARRICK GOLD CORP
ABY,ABITIBI-CONSOLIDATED INC
AC,ALLIANCE CAP MGMT HLDG L P
ACA,ALABAMA PWR CO
ACF,AMERICREDIT CORP
ACG,ACM GOVT INCOME FD INC
ACI,ARCH COAL INC
ACK,ARMSTRONG WORLD INDS INC
ACL,ACE LTD
ACL PA,ACE CAP TR I
ACN,ACUSON CORP
ACO,AMCOL INTL CORP
ACP,AMERICAN REAL ESTATE PRTNRS
ACP P,AMERICAN REAL ESTATE PRTNRS
ACR,AMERICAN RETIREMENT CORP
ACS,AFFILIATED COMPUTER SVCS INC
ACV,ALBERTO CULVER CO
ACVA,ALBERTO CULVER CO
AD,ADVO INC
ADC,AGREE RLTY CORP
ADF,ACM MANAGED DLR INCOME FD
ADI,ANALOG DEVICES INC
ADM,ARCHER DANIELS MIDLAND CO
ADP,ALLIED PRODS CORP DEL
ADV,ADVEST GROUP INC
ADX,ADAMS EXPRESS CO
AEC,ASSOCIATED ESTATES RLTY CORP
AEC PA,ASSOCIATED ESTATES RLTY CORP
AED,BANCO DE A EDWARDS
AEE,AMEREN CORP
AEG,AEGON NV
AEM,AGNICO EAGLE MINES LTD
AEP,AMERICAN ELEC PWR INC
AES,AES CORP
AES PC,AES TR III
AES PT,AES TR I
AET,AETNA INC
AF,ARGENTINA FD INC
AFC,ALLMERICA FINL CORP
AFF,MSDW AFRICA INVT FD
AFG,AMERICAN FINL GROUP INC
AFG PT,AMERICAN FINL CAP TR I
AFL,AFLAC INC
AFM,AMFM INC
AFS,ASSOCIATES FIRST CAP CORP
AG,AGCO CORP
AGA,U S AGGREGATES INC
AGC,AMERICAN GEN CORP
AGC PA,AMERICAN GEN CAP I
AGC PC,AMERICAN GEN DEL L L C
AGC PD,AMERICAN GEN CORP
AGC PM,AMERICAN GEN CAP L L C
AGC PN,AMERICAN GEN CAP L L C
AGE,EDWARDS A G INC
AGI,ALPINE GROUP INC
AGL,ANGELICA CORP
AGM,FEDERAL AGRIC MTG CORP
AGMA,FEDERAL AGRIC MTG CORP
AGN,ALLERGAN INC
AGR,ARGENTARIA CAJA POSTAL Y BAN
AGR PA,ARGENTARIA PREF CAPITAL
AGS,SAGA SYS INC
AGU,AGRIUM INC
AGU P,AGRIUM INC
AGX,AGRIBRANDS INTL INC
AGY,ARGOSY GAMING CORP
AH,ARMOR HLDGS INC
AHB,AMERUS LIFE HLDGS INC / AMER
AHC,AMERADA HESS CORP
AHG,APRIA HEALTHCARE GROUP INC
AHI,ALLIED HLDGS INC
AHO,KONINKLIJKE AHOLD NV
AHP,AMERICAN HOME PRODS CORP
AHP P,AMERICAN HOME PRODS CORP
AHR,ANTHRACITE CAP INC
AIB,ALLIED IRISH BKS P L C
AIC,ASSET INVS CORP DEL
AIF,ACCEPTANCE INS COS INC
AIF PT,AICI CAP TR
AIG,AMERICAN INTL GROUP INC
AIN,ALBANY INTL CORP NEW
AIR,AAR CORP
AIV,APARTMENT INVT & MGMT CO
AIV PC,APARTMENT INVT & MGMT CO
AIV PD,APARTMENT INVT & MGMT CO
AIV PG,APARTMENT INVT & MGMT CO
AIV PH,APARTMENT INVT & MGMT CO
AIV PK,APARTMENT INVT & MGMT CO
AIZ,AMCAST INDL CORP
AJA,APPALACHIAN PWR CO
AJB,APPALACHIAN PWR CO
AJC,APPALACHIAN PWR CO
AJG,GALLAGHER ARTHUR J & CO
AJL,AMWAY JAPAN LTD
AK,ACKERLEY GROUP INC
AKB,AMBAC FINL GROUP INC
AKK,ARMSTRONG WORLD INDS INC
AKOA,EMBOTELLADORA ANDINA SA DE C
AKOB,EMBOTELLADORA ANDINA SA DE C
AKR,ACADIA RLTY TR
AKS,AK STL HLDG CORP
AKS P,AK STL HLDG CORP
AL,ALCAN ALUM LTD
ALA,ALCATEL ALSTHOM INC
ALB,ALBEMARLE CORP
ALC,ALLTRISTA CORP
ALG,ALAMO GROUP INC
ALJ,ALLSTATE CORP
ALK,ALASKA AIR GROUP INC
ALL,ALLSTATE CORP
ALL PA,ALLSTATE FING I
ALM,ALLMERICA SECS TR
ALN,ALLEN TELECOM INC
ALO,ALPHARMA INC
ALP PN,ALABAMA PWR CO
ALP PO,ALABAMA PWR CO
ALP PQ,ALABAMA PWR CAP TR I
ALP PR,ALABAMA PWR CAP TR II
ALQ,ALABAMA PWR CO
ALS,ALSTOM
ALT,ALLEGHENY TELEDYNE INC
ALV,AUTOLIV INC
ALX,ALEXANDERS INC
ALZ,ALABAMA PWR CO
AM,AMERICAN GREETINGS CORP
AMB,AMB PPTY CORP
AMB PA,AMB PPTY CORP
AMD,ADVANCED MICRO DEVICES INC
AME,AMETEK INC NEW
AMF,ACM MANAGED INCOME FD INC
AMG,AFFILIATED MANAGERS GROUP IN
AMH,AMERUS LIFE HLDGS INC
AML,AMLI RESIDENTIAL PPTYS TR
AMN,AMERON INTL CORP DEL
AMO,ALLIANCE ALL-MKT ADVANTAGE
AMR,AMR CORP DEL
AMT,AMERICAN TOWER CORP
AMU,ACM MUN SECS INCOME FD INC
AMZ,AMERICAN MED SEC GROUP INC
AN,AUTONATION INC DEL
ANB PA,ABBEY NATL PLC
ANF,ABERCROMBIE & FITCH CO
ANJ P,ANZ EXCHANGEABLE PFD TR II
ANN,ANNTAYLOR STORES CORP
ANS,AIRNET SYS INC
ANU P,ANZ EXCHANGEABLE PFD TR
ANZ,AUSTRALIA & NEW ZEALAND BKG
ANZ P,AUSTRALIA & NEW ZEALAND BKG
AO PA,AMERCO INC
AOC,AON CORP
AOF,ACM GOVT OPPORTUNITY FD INC
AOG,ALBERTA ENERGY LTD
AOG PA,ALBERTA ENERGY LTD
AOL,AMERICA ONLINE INC
AOR,AURORA FOODS INC
AOS,SMITH A O CORP
AP,AMPCO-PITTSBURG CORP
APA,APACHE CORP
APA PC,APACHE CORP
APB,ASIA PAC FD INC
APC,ANADARKO PETE CORP
APD,AIR PRODS & CHEMS INC
APF,MSDW ASIA-PAC FD
APH,AMPHENOL CORP NEW
APJ,APPALACHIAN PWR CO
APR,AMERICAN PRECISION INDS INC
APU,AMERIGAS PARTNERS L P
APW,APPLIED PWR INC
APX,APEX MUN FD INC
APZ,APPLIED INDL TECHNLGIES INC
AQM,QMS INC
ARA,ARACRUZ CELULOSE S A
ARB,AMERICAN RLTY TR INC
ARC,ATLANTIC RICHFIELD CO
ARC PA,ATLANTIC RICHFIELD CO
ARC PC,ATLANTIC RICHFIELD CO
ARE,ALEXANDRIA REAL EST EQTS INC
ARE PA,ALEXANDRIA REAL EST EQTS INC
ARG,AIRGAS INC
ARH,ASIA PACIFIC RES LTD
ARI,ARDEN RLTY INC
ARJ,ARCH CHEMICALS INC
ARK,SENIOR HIGH INCOME PTFL INC
ARN PA,AMERICAN RE CAP
ART,ACNIELSEN CORP
ARV,ARVIN INDS INC
ARW,ARROW ELECTRS INC
ARX,AEROFLEX INC
ASA,ASA LTD
ASD,AMERICAN STD COS INC DEL
ASF,ADMINISTAFF INC
ASG,LIBERTY ALL-STAR GRW FD INC
ASH,ASHLAND INC
ASI,AMERICAN SAFETY INSUR GRP LT
ASL,ASHANTI GOLDFIELDS LTD
ASN,ARCHSTONE CMNTYS TR
ASN PA,ARCHSTONE CMNTYS TR
ASN PB,ARCHSTONE CMNTYS TR
ASN PC,ARCHSTONE CMNTYS TR
ASN PD,ARCHSTONE CMNTYS TR
ASO,AMSOUTH BANCORPORATION
ASP,AMERN STRATEGIC INCM PTF INC
ASV,AG SVCS AMER INC
AT,ALLTEL CORP
AT P,ALLTEL CORP
ATG,AGL RES INC
ATI,ALLEGHENY TECHNOLOGIES INC
ATK,ALLIANT TECHSYSTEMS INC
ATL,ATALANTA SOSNOFF CAP CORP
ATO,ATMOS ENERGY CORP
ATR,APTARGROUP INC
ATS,APT SATELLITE HLDGS LTD
ATW,ATWOOD OCEANICS INC
ATY,GRUPO CASA AUTREY SA DE CV
AU,ANGLOGOLD LTD
AUD,AUTOMATIC DATA PROCESSING
AVA,AVISTA CORP
AVA PA,AVISTA CAP I
AVA PL,AVISTA CORP
AVB,AVALONBAY CMNTYS INC
AVB PC,AVALONBAY CMNTYS INC
AVB PD,AVALONBAY CMNTYS INC
AVB PF,AVALONBAY CMNTYS INC
AVB PG,AVALONBAY CMNTYS INC
AVB PH,AVALONBAY CMNTYS INC
AVE,AVENTIS
AVE P,AVENTIS
AVE#,RHONE POULENC S A
AVI,AVIS RENT A CAR INC
AVL,AVIALL INC NEW
AVP,AVON PRODS INC
AVS,AVIATION SALES CO
AVT,AVNET INC
AVX,AVX CORP NEW
AVY,AVERY DENNISON CORP
AVZ,AMVESCAP PLC
AW,ALLIED WASTE INDS INC
AWA,AMERICA WEST HLDG CORP
AWC,ASIA PACIFIC WIRE & CABLE
AWF,ALLIANCE WORLD DLR GVT FD II
AWG,ALLIANCE WORLD DLR GOVT FD
AWK,AMERICAN WTR WKS INC
AWK PA,AMERICAN WTR WKS INC
AWK PB,AMERICAN WTR WKS INC
AWR,AMERICAN STS WTR CO
AXA,AXA
AXE,ANIXTER INTL INC
AXF,AXA FINL INC
AXL,AMERICAN AXLE & MFG HLDGS IN
AXM,APEX MTG CAP INC
AXP,AMERICAN EXPRESS CO
AXP PA,AMERICAN EXPRESS CO CAP TR I
AXR,AMREP CORP
AXT,AMERICAN MUN TERM TR INC
AYE,ALLEGHENY ENERGY INC
AZA,ALZA CORP
AZD,ARIZONA PUB SVC CO
AZN,ASTRAZENECA PLC
AZO,AUTOZONE INC
AZR,AZTAR CORP
AZX,AZURIX CORP
AZZ,AZTEC MFG CO
B,BARNES GROUP INC
BA,BOEING CO
BAB,BRITISH AWYS PLC
BAC,BANK AMER CORP
BAC PY,BANKAMERICA CAP IV
BAC PZ,BANKAMERICA CAP I
BAP,CREDICORP LTD
BAS,BASS PLC
BAT,BLACKROCK ADVANTAGE TERM TR
BAU,BACOU USA INC
BAX,BAXTER INTL INC
BB,BBV BANCO BHIF
BBA,BOMBAY CO INC
BBC,BERGEN BRUNSWIG CORP
BBC PA,BERGEN CAP TR I
BBI,BLOCKBUSTER INC
BBR,BUTLER MFG CO DEL
BBT,BB&amp;T CORP
BBV,BANCO BILBAO VIZCAYA ARGENTA
BBV,BANCO BILBAO VIZCAYA ARGENTA
BBX,BANKATLANTIC BANCORP INC
BBY,BEST BUY INC
BC,BRUNSWICK CORP
BCB P,BARCLAYS BK PLC
BCB PC,BARCLAYS BK PLC
BCB PD,BARCLAYS BK PLC
BCC,BOISE CASCADE CORP
BCE,BCE INC
BCF,BURLINGTON COAT FACTORY WHSE
BCM,CANADIAN IMPERIAL BK COMM
BCR,BARD C R INC
BCS,BARCLAYS PLC
BCU,BORDEN CHEMS & PLASTICS LTD
BD,BUDGET GROUP INC
BDF,1838 BOND FD TRADING FD
BDG,BANDAG INC
BDGA,BANDAG INC
BDJ,MORGAN STANLEY DEAN WITTER
BDK,BLACK & DECKER CORP
BDN,BRANDYWINE RLTY TR
BDT,BREED TECHNOLOGIES INC
BDX,BECTON DICKINSON & CO
BDY,BINDLEY WESTN INDS INC
BE,BENGUET CORP
BEC,BECKMAN COULTER INC
BED,BEDFORD PPTY INVS INC
BEL,BELL ATLANTIC CORP
BEN,FRANKLIN RES INC
BEV,BEVERLY ENTERPRISES INC
BEZ,BALDOR ELEC CO
BF A,BROWN FORMAN CORP
BF B,BROWN FORMAN CORP
BFC,BLACKROCK CA INSD MUN 2008
BFH,CABCO TR FOR BELLSOUTH DEBS
BFO,BESTFOODS
BFR,BANCO FRANCES DEL RIO DE LA
BFS,SAUL CTRS INC
BFT,BALLY TOTAL FITNESS HLDG CRP
BGA,BANCO GANADERO S A
BGA P,BANCO GANADERO S A
BGC,GENERAL CABLE CORP DEL NEW
BGE PA,BGE CAP TR I
BGG,BRIGGS & STRATTON CORP
BGL,BROOKE GROUP LTD
BGP,BORDERS GROUP INC
BGR,BANGOR HYDRO ELEC CO
BGS,MORGAN STANLEY DEAN WITTER
BGT,BLACKROCK STRATEGIC TERM TR
BGY,BRITISH ENERGY PLC
BH,BRISTOL HOTELS & RESORTS INC
BHE,BENCHMARK ELECTRS INC
BHI,BAKER HUGHES INC
BHP,BROKEN HILL PROPRIETARY LTD
BHW,BELL & HOWELL CO NEW
BHY,BLACKROCK HIGH YIELD TR
BI,BELL INDS INC
BID,SOTHEBY HLDGS INC
BIR,BIRMINGHAM STL CORP
BJ,BJS WHSL CLUB INC
BJS,BJ SVCS CO
BJS#,BJ SVCS CO
BK,BANK NEW YORK INC
BK PC,BNY CAP II
BK PD,BNY CAP III
BK PE,BNY CAP IV
BKE,BUCKLE INC
BKF,BAKER FENTRESS & CO
BKF,BAKER FENTRESS & CO
BKH,BLACK HILLS CORP
BKI,BUCKEYE TECHNOLOGIES INC
BKN,BLACKROCK INVT QULTY MUN TR
BKP,BANK UTD CORP
BKS,BARNES & NOBLE INC
BKT,BLACKROCK INCOME TR INC
BKU PA,BANK UTD HOUSTON TEX
BKU PB,BANK UTD HOUSTON TEX
BLB,BELLSOUTH CAP FDG CORP
BLC,BELO A H CORP
BLK,BLACKROCK INC
BLL,BALL CORP
BLN,BLACKROCK N Y INSD MUN 2008
BLS,BELLSOUTH CORP
BLT,BLOUNT INTL INC NEW
BLU,BLUE CHIP VALUE FD INC
BLX,BANCO LATINOAMER EXPORACIONE
BMC,BMC INDS INC MINN
BMG,BATTLE MTN GOLD CO
BMG P,BATTLE MTN GOLD CO
BMN,BLACKROCK MUN TARGET TRM TR
BMO,BANK MONTREAL QUE
BMS,BEMIS INC
BMT,BLACKROCK INSD MUN TM TR INC
BMY,BRISTOL MYERS SQUIBB CO
BMY P,BRISTOL MYERS SQUIBB CO
BN,BANTA CORP
BNA,BLACKROCK N A GOVT INCM TR
BNE,BOWNE & CO INC DEL
BNG,BENETTON GROUP SPA
BNI,BURLINGTON NORTHN SANTA FE
BNK PA,CNB CAP TR I
BNL,BUNZL PUB LTD CO
BNN,BLACKROCK 1999 TERM TR INC
BNO,BENTON OIL & GAS CO
BNS,BROWN & SHARPE MFG CO
BOA,BUSH BOAKE ALLEN INC
BOB,MERRILL LYNCH & CO INC
BOG,BELCO OIL & GAS CORP
BOG P,BELCO OIL & GAS CORP
BOH,PACIFIC CENTY FINL CORP
BOL,BAUSCH & LOMB INC
BOP,BOISE CASCADE OFFC PRDS CORP
BOR,BURNS INTL SVCS CORP
BOS,BOSTON CELTICS LTD PARTNERSH
BOW,BOWATER INC
BOX,BOC GROUP PLC
BOY,BOYKIN LODGING CO
BPA,BP AMOCO P L C
BPC,BANCO COMERCIAL PORTUGUES SA
BPC PA,BCP INTL BK LTD
BPL,BUCKEYE PARTNERS L P
BPO,BROOKFIELD PPTYS CORP
BPP,BURNHAM PAC PPTYS INC
BPT,BP PRUDHOE BAY RTY TR
BQT,BLACKROCK INVT QLTY TERM TR
BR,BURLINGTON RES INC
BRC,BRADY CORP
BRE,BRE PPTYS INC
BRE PA,BRE PPTYS INC
BRF,BLACKROCK FLA INSD MUN 2008
BRG,BG PLC
BRG,BG PLC
BRH,COMPANHIA CERVEJARIA BRAHMA
BRHC,COMPANHIA CERVEJARIA BRAHMA
BRKA,BERKSHIRE HATHAWAY INC DEL
BRKB,BERKSHIRE HATHAWAY INC DEL
BRL,BARR LABS INC
BRM,BLACKROCK INSD MUN 2008 TRM
BRO,BROWN & BROWN INC
BRR,BARRETT RES CORP
BRS,BANCO RIO DE LA PLATA S A
BRT,BRT RLTY TR
BRW,BROADWING INC
BRW PB,BROADWING INC
BRX,MORGAN STANLEY DEAN WITTER
BRY,BERRY PETE CO
BS,BETHLEHEM STL CORP
BS P,BETHLEHEM STL CORP
BS PB,BETHLEHEM STL CORP
BSB,BANCO SANTANDER CHILE
BSC,BEAR STEARNS COS INC
BSC PA,BEAR STEARNS COS INC
BSC PE,BEAR STEARNS COS INC
BSC PF,BEAR STEARNS COS INC
BSC PG,BEAR STEARNS COS INC
BSC PY,BEAR STEARNS CAP TR II
BSD,BLACKROCK STRATEGIC MUN TR
BSF PC,BSCH FIN LTD
BSF PD,BSCH FIN LTD
BSF PE,BSCH FIN LTD
BSF PF,BSCH FIN LTD
BSF PG,BSCH FIN LTD
BSF PH,BSCH FIN LTD
BSF PJ,BSCH FIN LTD
BSH,BUSH INDS INC
BSI,BLUE SQUARE-ISRAEL LTD
BSL,BEAR STEARNS COS INC
BSP,AMERN STRATEGIC INCM PTFL II
BSX,BOSTON SCIENTIFIC CORP
BSY,BRITISH SKY BROADCASTING GRP
BT PA,BT PFD CAP TR I
BT PQ,BANKERS TR N Y CORP
BT PR,BANKERS TR N Y CORP
BT PS,BANKERS TR N Y CORP
BTA PA,TOTTA & ACORES FINANCING LTD
BTF,BOULDER TOTAL RETURN FD INC
BTH,BLYTH INDS INC
BTM,BLACKROCK 2001 TERM TR INC
BTN,BALLANTYNE OMAHA INC
BTO,HANCOCK JOHN BK&amp;THRIFT OPTY
BTR,BRADLEY REAL ESTATE INC
BTR PA,BRADLEY REAL ESTATE INC
BTT,BLACKROCK TARGET TERM TR INC
BTY,BRITISH TELECOMMUNICATNS PLC
BTZ,BERLITZ INTL INC NEW
BUD,ANHEUSER BUSCH COS INC
BUF PC,BANKUNITED CAP III
BUR,BURLINGTON INDS INC NEW
BVC,BAY VIEW CAP CORP DEL
BVF,BIOVAIL CORP INTL NEW
BVF#,BIOVAIL CORP INTL NEW
BVG P,BANCO BILBAO VIZCAYA INTL GI
BVG PB,BANCO BILBAO VIZCAYA INTL GI
BVG PC,BANCO BILBAO VIZCAYA INTL GI
BVG PE,BANCO BILBAO VIZCAYA INTL GI
BVN,COMPANIA DE MINAS BUENAVENTU
BVS,BAY VIEW CAP I
BW,BRUSH WELLMAN INC
BWA,BORG WARNER AUTOMOTIVE INC
BWC,BELDEN INC
BWE,BANCWEST CORP NEW
BWG,BOUYGUES OFFSHORE
BWP,BANCO WIESE
BWS,BROWN SHOE INC NEW
BXG,BLUEGREEN CORP
BXM,BIOMATRIX INC
BXP,BOSTON PPTYS INC
BXS,BANCORPSOUTH INC
BXT,AMERICAN MUN TERM TR INC II
BY,BWAY CORP
BYD,BOYD GAMING CORP
BYH,BEIJING YANHUA PETROCHEMICAL
BZ,BAIRNCO CORP
BZF,BRAZIL FD INC
BZH,BEAZER HOMES USA INC
BZL,BRAZILIAN EQUITY FD INC
C,CITIGROUP INC
C PE,CITIGROUP CAP I
C PF,CITIGROUP INC
C PG,CITIGROUP INC
C PH,CITIGROUP INC
C PM,CITIGROUP INC
C PN,CITIGROUP CAP IV
C PQ,CITIGROUP INC
C PR,CITIGROUP INC
C PU,CITIGROUP INC
C PW,CITIGROUP CAP V
C PX,CITIGROUP CAP VI
CA,COMPUTER ASSOCIATE INTL INC
CAB,CAMERON ASHLEY BUILD PRD INC
CAE,CASCADE CORP
CAF,MUNIHOLDINGS CALIF INSD FD V
CAG,CONAGRA INC
CAG PA,CONAGRA CAP L C
CAG PB,CONAGRA CAP L C
CAG PC,CONAGRA CAP L C
CAH,CARDINAL HEALTH INC
CAL,CONTINENTAL AIRLS INC
CALA,CONTINENTAL AIRLS INC
CAM,COOPER CAMERON CORP
CAN,AMERICAN NATL CAN GROUP INC
CAO,CSK AUTO CORP
CAR,CARTER WALLACE INC
CAT,CATERPILLAR INC
CAV,CAVALIER HOMES INC
CB,CHUBB CORP
CBA,BRILLIANCE CHINA AUTOMOTIVE
CBC,CENTURA BKS INC
CBD,COMP BRASIL DE DISTRIBUICAO
CBE,COOPER INDS INC
CBF,CHASE CAP V
CBG,CB RICHARD ELLIS SVCS INC
CBH,COMMERCE BANCORP INC N J
CBH PT,COMMERCE CAP TR I
CBI,CHICAGO BRIDGE & IRON CO
CBL,CBL & ASSOC PPTYS INC
CBL PA,CBL & ASSOC PPTYS INC
CBM,CAMBREX CORP
CBO,CHASE CAP VII
CBR,CIBER INC
CBS,CBS CORP
CBT,CABOT CORP
CBU,COMMUNITY BK SYS INC
CBZ,CORT BUSINESS SVCS CORP
CC,CIRCUIT CITY STORES INC
CCB,CCB FINL CORP
CCC,CALGON CARBON CORP
CCE,COCA COLA ENTERPRISES INC
CCG,CHELSEA GCA RLTY INC
CCH,CAMPBELL RES INC NEW
CCI PK,CITIGROUP INC
CCJ,CAMECO CORP
CCJ P,CAMECO CORP
CCK,CROWN CORK & SEAL INC
CCK P,CROWN CORK & SEAL INC
CCL,CARNIVAL CORP
CCM P,CARLTON COMMUNICATIONS PLC
CCN,CHRIS CRAFT INDS INC
CCN PA,CHRIS CRAFT INDS INC
CCN PB,CHRIS CRAFT INDS INC
CCP PA,CHEVY CHASE PFD CAP CORP
CCR,COUNTRYWIDE CR INDS INC
CCS,CASTLE & COOKE INC NEW
CCU,CLEAR CHANNEL COMMUNICATIONS
CD,CENDANT CORP
CD PG,CENDANT CORP
CD PI,CENDANT CORP
CDA,CORDIANT COMMUNICATIONS GROU
CDB,CANANDAIGUA BRANDS INC
CDC,CAREY DIVERSIFIED LLC
CDD,CORDANT TECHNOLOGIES INC
CDE,COEUR D ALENE MINES CORP IDA
CDE P,COEUR D ALENE MINES CORP IDA
CDF,CADILLAC FAIRVIEW CORP
CDI,C D I CORP
CDN,CADENCE DESIGNS SYS INC
CDO,COMDISCO INC
CDP,CONSOLIDATED PAPERS INC
CDT,CABLE DESIGN TECHN CORP
CDX,CATELLUS DEV CORP
CEA,CHINA EASTN AIRLS LTD
CEC,CEC ENTMT INC
CEE,CENTRAL EUROPEAN EQTY FD INC
CEG,CONSTELLATION ENERGY GROUP I
CEI,CRESCENT R E EQUITIES INC
CEI PA,CRESCENT R E EQUITIES INC
CEL,NUEVO GRUPO IUSACELL S A DE
CELY,GRUPO IUSACELL SA DE CV
CEM,CHEMFIRST INC
CEN,CERIDIAN CORP
CER P,CENTRAL ILL LT CO
CF,CHARTER ONE FINCL INC
CFA,CHEMFAB CORP
CFB,COMMERCIAL FEDERAL CORP
CFB P,CFC PFD TR
CFD,CONSECO STRATEGIC INCOME FD
CFI,CULP INC
CFP,CALIFORNIA FED PFD CAP CORP
CFR,CULLEN FROST BANKERS INC
CG,COLUMBIA ENERGY GROUP
CGA,CORUS GROUP PLC
CGC,CASCADE NAT GAS CORP
CGF,CREDIT SUISSE ASSET MGMT STR
CGG PT,CANADIAN GEN CAP
CGI,COMMERCE GROUP INC MASS
CGM,CONGOLEUM CORP NEW
CGO,ATLAS AIR INC
CGP,COASTAL CORP
CGP PA,COASTAL CORP
CGP PB,COASTAL CORP
CGP PG,COASTAL CORP
CGP PI,COASTAL CORP
CGP PT,COASTAL FIN I
CGR,COOKER RESTAURANT CORP
CGW,CRISTALERIAS DE CHILE SA
CGX,CONSOLIDATED GRAPHICS INC
CGZ,COTELLIGENT INC
CH,CHILE FD INC
CHA,CHAMPION INTL CORP
CHB,CHAMPION ENTERPRISES INC
CHD,CHURCH & DWIGHT INC
CHE,CHEMED CORP
CHE,CHEMED CORP
CHG,CH ENERGY GROUP INC
CHG,CENTRAL HUDSON GAS & ELEC CO
CHH,CHOICE HOTELS INTL INC
CHK,CHESAPEAKE ENERGY CORP
CHK P,CHESAPEAKE ENERGY CORP
CHL,CHINA TELECOM HONG KONG LTD
CHN,CHINA FD INC
CHP,C&amp;D TECHNOLOGIES INC
CHR,GENER S A
CHS,CHAUS BERNARD INC
CHT,CHART HOUSE ENTERPRISES INC
CHV,CHEVRON CORP
CHX,PILGRIMS PRIDE CORP
CHXA,PILGRIMS PRIDE CORP
CHY,CHYRON CORP
CHZ,CHITTENDEN CORP
CI,CIGNA CORP
CIB,BANCOLOMBIA SA
CIC,CARSON INC
CIF,COLONIAL INTER HIGH INCM FD
CIH PA,CITICORP CAP III
CIK,CREDIT SUISSE ASSET MGMT INC
CIL,MUNIHOLDINGS CALIF INSD FD I
CIN,CINERGY CORP
CIN PA,CINCINNATI GAS & ELEC CO
CIN PB,PSI ENERGY INC
CIN PC,PSI ENERGY INC
CIN PJ,PSI ENERGY INC
CIR,CIRCOR INTL INC
CIT,CIT GROUP INC
CIV,CONECTIV INC
CIV PB,ATLANTIC CAP I
CIV PC,ATLANTIC CAP II
CIV PD,DELMARVA PWR FING I
CIVA,CONECTIV INC
CIX,COMPX INTL INC
CJA,COLUMBUS SOUTHN PWR CO
CKC,COLLINS & AIKMAN CORP NEW
CKE,CARMIKE CINEMAS INC
CKH,SEACOR SMIT INC
CKP,CHECKPOINT SYS INC
CKR,CKE RESTAURANTS INC
CL,COLGATE PALMOLIVE CO
CL P,COLGATE PALMOLIVE CO
CLB,CORE LABORATORIES N V
CLC,CLARCOR INC
CLE,CLAIRES STORES INC
CLF,CLEVELAND CLIFFS INC
CLH,MUNIHOLDINGS CALIF INSD FD I
CLI,MACK CALI RLTY CORP
CLJ,CRESTLINE CAP CORP
CLL,CELLTECH GROUP PLC
CLL,CELLTECH GROUP PLC
CLM,CLEMENTE STRATEGIC VAL FD IN
CLP,COLONIAL PPTYS TR
CLP PA,COLONIAL PPTYS TR
CLR,CLARION COML HLDGS INC
CLS,CELESTICA INC
CLX,CLOROX CO
CM,COLES MYER LTD
CMA,COMERICA INC
CMB,CHASE MANHATTAN CORP NEW
CMB P,CHASE PFD CAP CORP
CMB PC,CHASE MANHATTAN CORP NEW
CMB PG,CHASE MANHATTAN CORP NEW
CMB PL,CHASE MANHATTAN CORP NEW
CMB PN,CHASE MANHATTAN CORP NEW
CMC,COMMERCIAL METALS CO
CMH,CLAYTON HOMES INC
CMI,CMI CORP OKLA
CMK,COLONIAL INTERMKT INCOME TR
CMM,CRIIMI MAE INC
CMM PB,CRIIMI MAE INC
CMM PF,CRIIMI MAE INC
CMO,CAPSTEAD MTG CORP
CMO,CAPSTEAD MTG CORP
CMO PA,CAPSTEAD MTG CORP
CMO PB,CAPSTEAD MTG CORP
CMP,CMS ENERGY CORP
CMS,CMS ENERGY CORP
CMS PA,CONSUMERS ENERGY CO
CMS PB,CONSUMERS ENERGY CO
CMS PJ,CONSUMERS EGY CO FING TR I
CMS PK,CONSUMERS ENERGY CO FING II
CMS PL,CONSUMERS ENERGY CO FING III
CMU,COLONIAL MUN INCOME TR
CMV,CHASE CAP IV
CMX,CAREMARK RX INC
CNA,CNA FINL CORP
CNB,COLONIAL BANCGROUP INC
CNC,CONSECO INC
CNC PF,CONSECO INC
CNC PG,CONSECO FING TR VI
CNC PH,CONSECO FING TR VII
CNC PT,CONSECO FING TR I
CNC PV,CONSECO FING TR V
CNF,CNF TRANSN INC
CNF PT,CNF TR I
CNH,CNH GLOBAL NV
CNI,CANADIAN NATL RY CO
CNI P,CANADIAN NATL RY CO
CNJ,COLE NATL CORP NEW
CNL,CLECO CORP NEW
CNN,CNA INCOME SHS INC
CNO,CORNERSTONE PROPANE PARTNERS
CNS,CONSOLIDATED STORES CORP
CNT,CENTERPOINT PPTYS TR
CNT PA,CENTERPOINT PPTYS TR
CNT PB,CENTERPOINT PPTYS TR
CNW,CK WITCO CORP
CNX,CONSOL ENERGY INC
CO,CORRPRO COS INC
COA,COACHMEN INDS INC
COCA,CONOCO INC
COCB,CONOCO INC
COE,CONE MLS CORP N C
COF,CAPITAL ONE FINL CORP
COG,CABOT OIL & GAS CORP
COL,COLUMBIA / HCA HEALTHCARE CO
COO,COOPER COS INC
COP,CONSOLIDATED PRODS INC
COX,COX COMMUNICATIONS INC NEW
COX PG,COX COMMUNICATIONS INC NEW
COX PI,COX COMMUNICATIONS INC NEW
COY,CORPORATE HIGH YIELD FD INC
CP,CANADIAN PAC LTD NEW
CPB,CAMPBELL SOUP CO
CPC,CENTRAL PKG CORP
CPD,CAROLINA PWR & LT CO
CPE,CALLON PETE CO DEL
CPE PA,CALLON PETE CO DEL
CPG,CMS ENERGY CORP
CPJ,CHATEAU CMNTYS INC
CPK,CHESAPEAKE UTILS CORP
CPL,CAROLINA PWR & LT CO
CPM PA,CL&amp;P CAP L P
CPN,CALPINE CORP
CPO,CORN PRODS INTL INC
CPP,CORNERSTONE PPTYS INC
CPQ,COMPAQ COMPUTER CORP
CPS,CHOICEPOINT INC
CPT,CAMDEN PPTY TR
CPT PA,CAMDEN PPTY TR
CPU,COMPUSA INC
CPV,CORRECTIONAL PPTYS TR
CPY,CPI CORP
CPZ PA,CPL CAP I
CQ,COMSAT CORP
CQ PA,COMSAT CAP I L P
CQB,CHIQUITA BRANDS INTL INC
CQB PA,CHIQUITA BRANDS INTL INC
CQB PB,CHIQUITA BRANDS INTL INC
CR,CRANE CO
CRA,PE CORP
CRA,PE CORP
CRC,CHROMCRAFT REVINGTON INC
CRDA,CRAWFORD & CO
CRDB,CRAWFORD & CO
CRE,CARRAMERICA RLTY CORP
CRE PB,CARRAMERICA RLTY CORP
CRE PC,CARRAMERICA RLTY CORP
CRE PD,CARRAMERICA RLTY CORP
CRF,CENTRAL EUROPEAN VALUE FD IN
CRG,CRAIG CORP
CRG P,CRAIG CORP
CRH,CORAM HEALTHCARE CORP
CRK,COMSTOCK RES INC
CRM,CORIMON C A
CRN,CORNELL CORRECTIONS INC
CRO,CROWN PAC PARTNERS L P
CRS,CARPENTER TECHNOLOGY CORP
CRT,CROSS TIMBERS RTY TR
CRW,CROWN CRAFTS INC
CRY,CRYOLIFE INC
CS,CABLETRON SYS INC
CSC,COMPUTER SCIENCES CORP
CSD PA,CADBURY SCHWEPPES DEL L P
CSG,CADBURY SCHWEPPES PLC
CSI,CHASE INDS INC
CSJ,COLUMBUS SOUTHN PWR CO
CSK,CHESAPEAKE CORP
CSL,CARLISLE COS INC
CSP,AMERN STRATEGIC INCM PTL III
CSR,CENTRAL & SOUTH WEST CORP
CSS,CSS INDS INC
CSU,CAPITAL SR LIVING CORP
CSV,CARRIAGE SVCS INC
CSX,CSX CORP
CT,CAPITAL TR INC MD
CTA,CENTER TR INC
CTB,COOPER TIRE & RUBR CO
CTC,COMPANIA DE TELECOMUN CHILE
CTF,CVS AUTOMTIC COM EXCHNGE SEC
CTG,CTG RES INC
CTH P,BCH CAP LTD
CTH PB,BCH CAP LTD
CTI,CHART INDS INC
CTL,CENTURYTEL INC
CTP,CMP GROUP INC
CTR,CABOT INDL TR
CTS,CTS CORP
CTV,COMMSCOPE INC
CTX,CENTEX CORP
CTZ,CHICAGO TITLE CORP
CU,COMPANIA CERVECERIAS UNIDASS
CUM,CUMMINS ENGINE INC
CUR,CURRENT INCOME SHS INC
CUZ,COUSINS PPTYS INC
CV,CENTRAL VT PUB SVC CORP
CVC,CABLEVISION SYS CORP
CVD,COVANCE INC
CVE,CONVERSE INC DEL
CVG,CONVERGYS CORP
CVI,CV REIT INC
CVS,CVS CORP
CVT,TCW CONV SECS FD INC
CVX P,CLEVELAND ELEC ILLUM CO
CVX PB,CLEVELAND ELEC ILLUM CO
CVX PL,CLEVELAND ELEC ILLUM CO
CVX PT,CLEVELAND ELEC ILLUM CO
CW,CURTISS WRIGHT CORP
CWC,CARIBINER INTL INC
CWE PT,COMED FING I
CWF,CHARTWELL DIVID & INCOME FD
CWG,CANWEST GLOBAL COMMUNICATION
CWN,CROWN AMERN RLTY TR
CWN PA,CROWN AMERN RLTY TR
CWP,CABLE & WIRELESS PUB LTD CO
CWT,CALIFORNIA WTR SVC GROUP
CWZ,CABLE & WIRELESS COMMS PLC
CX,CEMEX S A
CXB,SALOMON SMITH BARNEY HLDGS I
CXE,COLONIAL HIGH INCOME MUN TR
CXH,COLONIAL INVT GRADE MUN TR
CXP,CENTEX CONSTR PRODS INC
CXR,COX RADIO INC
CXT,AMERICAN MUN TERM TR INC III
CY,CYPRESS SEMICONDUCTOR CORP
CYD,CHINA YUCHAI INTL LTD
CYE,CORPORATE HIGH YIELD FD III
CYN,CITY NATL CORP
CYT,CYTEC INDS INC
CZ,CELANESE AG
CZN,CITIZENS UTILS CO DEL
CZN P,CITIZENS UTILS TR
CZX P,CANADIAN OCCIDENTAL PETE LTD
CZX PA,CANADIAN OCCIDENTAL PETE LTD
D,DOMINION RES INC VA NEW
DA,GROUPE DANONE
DAB,DAVE & BUSTERS INC
DAJ,DAIMLER BENZ A G
DAL,DELTA AIR LINES INC DEL
DAP,DISCOUNT AUTO PTS INC
DBD,DIEBOLD INC
DBG,DYERSBURG CORP
DBS,DEBT STRATEGIES FD INC
DBT,DBT ONLINE INC
DBU,DEBT STRATEGIES FD III INC
DCA,DQE CAP CORP
DCI,DONALDSON INC
DCN,DANA CORP
DCO,DUCOMMUN INC DEL
DCR,DUFF & PHELPS CR RATING CO
DCS,DONCASTERS PLC
DCX,DAIMLERCHRYSLER AG
DD,DU PONT E I DE NEMOURS & CO
DD PA,DU PONT E I DE NEMOURS & CO
DD PB,DU PONT E I DE NEMOURS & CO
DDC,DETROIT DIESEL CORP
DDF,DELAWARE GRP DIVID & INCOME
DDR,DEVELOPERS DIVERSIFIED RLTY
DDR PA,DEVELOPERS DIVERSIFIED RLTY
DDR PB,DEVELOPERS DIVERSIFIED RLTY
DDR PC,DEVELOPERS DIVERSIFIED RLTY
DDR PD,DEVELOPERS DIVERSIFIED RLTY
DDS,DILLARDS INC
DDT,DILLARDS CAP TR I
DE,DEERE & CO
DEL,DELTIC TIMBER CORP
DEO,DIAGEO PLC
DER,DE RIGO S P A
DES,DESC SA DE CV
DET,DECS TR
DEX,DEXTER CORP
DF,DEAN FOODS CO
DFC,DELTA FINL CORP
DFG,DELPHI FINL GROUP INC
DFS,DEPARTMENT 56 INC
DFT,DOWNEY FINL CAP TR I
DG,DOLLAR GEN CORP
DGF,DELAWARE GRP GLBL DIVID&amp;INCM
DGS,DOLLAR GEN STRYPES TR
DGX,QUEST DIAGNOSTICS INC
DHF,DREYFUS HIGH YIELD STRATEGIE
DHI,D R HORTON INC
DHR,DANAHER CORP
DHY,DLJ HIGH YIELD BD FD
DIN,CONSORCIO G GRUPO DINA SA CV
DINL,CONSORCIO G GRUPO DINA SA CV
DIR,DONALDSON LUFKIN&amp;JENRETT NEW
DIS,DISNEY WALT CO
DIV,HANCOCK JOHN PATRIOT SEL DV
DJ,DOW JONES & CO INC
DJM,MERRILL LYNCH & CO INC
DJT,TRUMP HOTEL&amp;CASINO RESRT INC
DK,DONNA KARAN INTL INC
DL,DIAL CORP NEW
DLJ,DONALDSON LUFKIN&amp;JENRETT NEW
DLJ PA,DONALDSON LUFKIN&amp;JENRETT NEW
DLJ PB,DONALDSON LUFKIN&amp;JENRETT NEW
DLJ PT,DLJ CAP TR I
DLM,DEL MONTE FOODS CO
DLP,DELTA & PINE LD CO
DLW,DELTA WOODSIDE INDS INC NEW
DLX,DELUXE CORP
DME,DIME BANCORP INC NEW
DMH,DUCATI MTR HLDGS SPA
DMN,DIMON INC
DNA,GENENTECH INC
DNB,DUN & BRADSTREET CORP DEL
DNP,DUFF & PHELPS UTILS INCM FD
DNR,DENBURY RES INC
DNT,DELTA AIR LINES INC DEL
DNY,DONNELLEY R R & SONS CO
DO,DIAMOND OFFSHORE DRILLNG INC
DOL,DOLE FOOD INC
DOM,DOMINION RES BLK WARRIOR TR
DON,DONNELLY CORP
DOV,DOVER CORP
DOW,DOW CHEM CO
DOX,AMDOCS LTD
DP,DIAGNOSTIC PRODS CORP
DPH,DELPHI AUTOMOTIVE SYS CORP
DPL,DPL INC
DQ PA,DUQUESNE CAP L P
DQE,DQE INC
DQU PA,DUQUESNE LT CO
DQU PB,DUQUESNE LT CO
DQU PC,DUQUESNE LT CO
DQU PD,DUQUESNE LT CO
DQU PE,DUQUESNE LT CO
DQU PG,DUQUESNE LT CO
DQZ,DUQUESNE LT CO
DRC,DAIN RAUSCHER CORP
DRD,DUANE READE INC
DRE,DUKE-WEEKS REALTY CORP
DRE PA,DUKE-WEEKS REALTY CORP
DRE PD,DUKE-WEEKS REALTY CORP
DRE PE,DUKE-WEEKS REALTY CORP
DRE PF,DUKE-WEEKS REALTY CORP
DRF,DAN RIV INC GA
DRI,DARDEN RESTAURANTS INC
DRQ,DRIL-QUIP INC
DS,DALLAS SEMICONDUCTOR CORP
DS,DALLAS SEMICONDUCTOR CORP
DSD,DAYTON SUPERIOR CORP
DSD P,DAYTON SUPERIOR CAP TR
DSF,DRESDNER RCM GLOBAL STRATEGI
DSH PA,DESIGNER FIN TR
DSI,DREYFUS STRAT GOVT INCM INC
DSL,DOWNEY FINL CORP
DSM,DREYFUS STRATEGIC MUN BD FD
DSS,QUANTUM CORP
DST,DST SYS INC DEL
DSU,DEBT STRATEGIES FD II INC
DSW,SOUTHWESTERN BELL TEL CO
DT,DEUTSCHE TELEKOM AG
DTA,DETROIT EDISON CO
DTB,DETROIT EDISON CO
DTC,DOMTAR INC
DTE,DTE ENERGY CO
DTF,DUFF & PHELPS UTILS TX FREE
DTG,DOLLAR THRIFTY AUTOMOTIVE GR
DTH,DETROIT EDISON CO
DTL,DAL-TILE INTL INC
DUC,DUFF & PHELPS UTIL & CORP BD
DUK,DUKE ENERGY CORP
DUK PA,DUKE ENERGY CORP
DUK PQ,DUKE ENERGY CAP TR I
DUK PT,DUKE CAP FING TR I
DUK PU,DUKE CAP FING TR II
DUK PV,DUKE ENERGY CAP TR II
DUK PW,DUKE CAP FING TR III
DUT,DUKE ENERGY CORP
DV,DEVRY INC
DVD,DOVER DOWNS ENTMT INC
DVI,DVI INC
DX,DYNEX CAP INC
DY,DYCOM INDS INC
DYN,DYNEGY INC
DYN,DYNEGY INC NEW
DYS,DISTRIBUCION Y SERVICIO D&amp;S
DZA,DELHAIZE AMER INC
DZB,DELHAIZE AMER INC
E,ENI S P A
EAI PA,ENTERGY ARK CAP I
EAT,BRINKER INTL INC
EBF,ENNIS BUSINESS FORM INC
EC,ENGELHARD CORP
ECA,ENCAL ENERGY LTD
ECC,ECC INTL CORP
ECJ,LAUDER ESTEE AUTOMATIC COM E
ECL,ECOLAB INC
ECP,CENTRAL NEWSPAPERS INC
ECT,LAUDER ESTEE AUTOMATIC COM E
ED,CONSOLIDATED EDISON INC
ED PA,CONSOLIDATED EDISON CO N Y
ED PC,CONSOLIDATED EDISON CO N Y
EDE,EMPIRE DIST ELEC CO
EDF,EMERGING MKTS INCM FD II INC
EDL,CONSOLIDATED EDISON CO N Y
EDO,EDO CORP
EDP,EDP-ELECTRICIDADE DE PORTUGA
EDS,ELECTRONIC DATA SYS CORP NEW
EEX,EEX CORP
EF,EUROPE FD INC
EFL,EMERGING MKTS FL RT FD INC
EFS,ENHANCE FINL SVCS GROUP INC
EFU,EASTERN ENTERPRISES
EFX,EQUIFAX INC
EGN,ENERGEN CORP
EGP,EASTGROUP PPTYS INC
EGP PA,EASTGROUP PPTYS INC
EGR,EARTHGRAINS CO
EGS PA,ENTERGY GULF STS CAP I
EI,ENERGYNORTH INC
EIN,ECHELON INTL CORP
EIR,EIRCOM PLC
EIS,EXCELSIOR INCOME SHS INC
EIX,EDISON INTL
EIX PA,EIX TR I
EIX PB,EIX TR II
EK,EASTMAN KODAK CO
EKC,EK CHOR CHINA MOTORCYCLE CO
EKP P,A/S EKSPORTFINANS NORWAY
EKT,GRUPO ELEKTRA S A DE C V
EL,LAUDER ESTEE COS INC
ELB,CABCO TR FOR FLA P & L FIRST
ELE,ENDESA SA
ELF,ELF AQUITAINE
ELK,ELCOR CORP
ELN,ELAN CORP
ELNA,ELAN CORP
ELNB,ELAN CORP
ELO PA,EDF LONDON CAP L P
ELP,COMP PARANAENSE DE ENERGIA
ELT,ELSCINT LTD
ELY,CALLAWAY GOLF CO
EMC,E M C CORP MASS
EMD,EMERGING MKTS INCOME FD INC
EME,FRGN &amp;CLNL EMRG MIDDL EST FD
EMF,TEMPLETON EMERGING MKTS FD
EMG,EMERGING MKTS INFRAST FD INC
EMN,EASTMAN CHEM CO
EMR,EMERSON ELEC CO
EMT,EMBRATEL PARTICIPACOES S A
EN,ENEL SOCIETA PER AZIONI
ENC,ENESCO GROUP INC
ENE,ENRON CORP
ENE PA,ENRON CAP RES L P
ENE PC,ENRON CAP LLC
ENE PJ,ENRON CORP
ENE PR,ENRON CAP TR II
ENE PT,ENRON CAP TR I
ENI,ENERSIS SA
ENL,ELSEVIER N V
ENN,EQUITY INNS INC
ENN PA,EQUITY INNS INC
ENS PF,TXU GAS CO
ENT,EQUANT N V
ENZ,ENZO BIOCHEM INC
EOC,EMPRESA NACIONAL ELECT CHILE
EOG,EOG RES INC
EOP,EQUITY OFFICE PPTYS TR
EOP PA,EQUITY OFFICE PPTYS TR
EOP PB,EQUITY OFFICE PPTYS TR
EOP PC,EQUITY OFFICE PPTYS TR
EOT,EOTT ENERGY PARTNERS L P
EPC,EPCOS AG
EPD,ENTERPRISE PRODS PARTNERS L
EPG,EL PASO ENERGY CORP DEL
EPG P,EL PASO TENN PIPELINE CO
EPG PC,EL PASO ENERGY CAP TR I
EPI,CONSOLIDATED EDISON CO N Y
EPN,EL PASO ENERGY PARTNERS L P
EPR,ENTERTAINMENT PPTYS TR
EQR,EQUITY RESIDENTIAL PPTYS TR
EQR PA,EQUITY RESIDENTIAL PPTYS TR
EQR PB,EQUITY RESIDENTIAL PPTYS TR
EQR PC,EQUITY RESIDENTIAL PPTYS TR
EQR PD,EQUITY RESIDENTIAL PPTYS TR
EQR PE,EQUITY RESIDENTIAL PPTYS TR
EQR PF,EQUITY RESIDENTIAL PPTYS TR
EQR PG,EQUITY RESIDENTIAL PPTYS TR
EQR PH,EQUITY RESIDENTIAL PPTYS TR
EQR PJ,EQUITY RESIDENTIAL PPTYS TR
EQR PL,EQUITY RESIDENTIAL PPTYS TR
EQS,EQUUS II INC
EQT,EQUITABLE RES INC
EQY,EQUITY ONE INC
ERE,EQUITABLE RES CAP TR I
ESA,EXTENDED STAY AMER INC
ESB PA,ESPIRITO SANTO OVERSEAS LTD
ESB PB,ESPIRITO SANTO OVERSEAS LTD
ESE,ESCO ELECTRS CORP
ESE,ESCO ELECTRS CORP
ESF,ESPIRITO SANTO FINL GRP S A
ESI,ITT EDUCATIONAL SVCS INC
ESL,ESTERLINE TECHNOLOGIES CORP
ESS,ESSEX PPTY TR
ESV,ENSCO INTL INC
ETA,ENTRADE INC
ETF,EMERGING MKTS TELECOMMS FD
ETH,ETHAN ALLEN INTERIORS INC
ETM,ENTERCOM COMMUNICATIONS CORP
ETN,EATON CORP
ETP,ENTERPRISE OIL PLC
ETP PB,ENTERPRISE OIL PLC
ETR,ENTERGY CORP NEW
ETT,ELDERTRUST
ETV,E4L INC
ETW,E TOWN CORP
EUA,EASTERN UTILS ASSOC
EV,EATON VANCE CORP
EVF,EATON VANCE SR INCOME TR
EVN,EATON VANCE MUN INCOME TR
EWB,BLANCH E W HLDGS INC
EWF,EUROPEAN WT FD INC
EX,EXIDE CORP
EXEA,EXTENDICARE INC CDA
EXG,ENRON CORP
EY,ETHYL CORP
F,FORD MTR CO DEL
F PB,FORD MTR CO DEL
F PT,FORD MTR CO CAP TR I
FA,FAIRCHILD CORP
FAF,FIRST AMERN FINL CORP CALIF
FAK,FIDELITY ADVISOR KOREA FD
FBA,FIRST BKS AMER INC
FBA PT,FIRST AMER CAP TR
FBF,FLEETBOSTON FINL CORP
FBF PE,FLEETBOSTON FINL CORP
FBF PF,FLEETBOSTON FINL CORP
FBF PG,FLEETBOSTON FINL CORP
FBF PH,FLEET CAP TR I
FBF PI,FLEET CAP TR III
FBF PJ,FLEET CAP TR IV
FBF#,FLEETBOSTON FINL CORP
FBN,FURNITURE BRANDS INTL INC
FBP,FIRST BANCORP P R
FBP PA,FIRST BANCORP P R
FBR,FRIEDMAN BILLINGS RAMSEY GRO
FC,FRANKLIN COVEY CO
FCEA,FOREST CITY ENTERPRISES INC
FCEB,FOREST CITY ENTERPRISES INC
FCF,FIRST COMWLTH FINL CORP PA
FCH,FELCOR LODGING TR INC
FCH PA,FELCOR LODGING TR INC
FCH PB,FELCOR LODGING TR INC
FCO,FIRST COMWLTH FD INC
FCP,FALCON PRODS INC
FCS,FAIRCHILD SEMICONDUCTOR INTL
FCX,FREEPORT MCMORAN COPPER&amp;GOLD
FCX PA,FREEPORT MCMORAN COPPER&amp;GOLD
FCX PB,FREEPORT MCMORAN COPPER&amp;GOLD
FCX PC,FREEPORT MCMORAN COPPER&amp;GOLD
FCX PD,FREEPORT MCMORAN COPPER&amp;GOLD
FCXA,FREEPORT MCMORAN COPPER&amp;GOLD
FCY,FURON CO
FD,FEDERATED DEPT STORES INC DE
FDC,FIRST DATA CORP
FDD,FEDERATED DEPT STORES INC DE
FDO,FAMILY DLR STORES INC
FDP,FRESH DEL MONTE PRODUCE INC
FDS,FACTSET RESH SYS INC
FDS,FACTSET RESH SYS INC
FDS,FACTSET RESH SYS INC
FDX,FEDEX CORP
FDX,FEDEX CORP
FDY,ATCHISON CASTING CORP
FE,FIRSTENERGY CORP
FED,FIRSTFED FINL CORP DEL
FEG,FLETCHER CHALLENGE ENRG DIV
FEP,FRANKLIN ELECTR PUBLISHERS
FF,FIRST FINL FD INC
FFA,FRANCHISE FIN CORP AMER
FFD,FAIRFIELD CMNTYS INC
FFG,FBL FINL GROUP INC
FFH,FARM FAMILY HLDGS INC
FFS,FLETCHER CHALLENGE LTD
FGH,FRIEDE GOLDMAN HALTER INC
FGP,FERRELLGAS PARTNERS L P
FHS,FOUNDATION HEALTH SYS INC
FIA:I,FIAT S P A
FIC,FAIR ISAAC & CO INC
FIF,FINANCIAL FED CORP
FIG PA,FARMERS GROUP CAP
FIG PB,FARMERS GROUP CAP II
FII,FEDERATED INVS INC PA
FIX,COMFORT SYS USA INC
FJ,FORT JAMES CORP
FJA,FEDDERS CORP
FJC,FEDDERS CORP
FLA,FLORIDA EAST COAST INDS
FLB,FLETCHER CHALLENGE BLDG DIV
FLC,R & B FALCON CORP
FLE,FLEETWOOD ENTERPRISES INC
FLH,FILA HLDGS S P A
FLM,FLEMING COS INC
FLO,FLOWERS INDS INC
FLP,FLETCHER CHALLENGE PAPER DIV
FLR,FLUOR CORP
FLS,FLOWSERVE CORP
FLY,AIRLEASE LTD
FMC,FMC CORP
FMI,FRANKLIN MULTI-INCOME TR
FMK,FIBERMARK INC
FMN,F & M NATL CORP
FMO,FEDERAL MOGUL CORP
FMS,FRESENIUS MED CARE AG
FMS P,FRESENIUS MED CARE AG
FMT,FREMONT GEN CORP
FMT P,FREMONT GEN FING I
FMX,FOMENTO ECONOMICO MEXICANO S
FNF,FIDELITY NAT FINL CORP
FNL,FANSTEEL INC DEL
FNM,FEDERAL NATL MTG ASSN
FNM PA,FEDERAL NATL MTG ASSN
FNM PB,FEDERAL NATL MTG ASSN
FNM PC,FEDERAL NATL MTG ASSN
FNV,FINOVA GROUP INC
FNV PA,FINOVA FIN TR
FO,FORTUNE BRANDS INC
FO PA,FORTUNE BRANDS INC
FOB,BOYDS COLLECTION LTD
FOE,FERRO CORP
FOM,FOREMOST CORP AMER
FON,SPRINT CORP
FON P,SPRINT CORP
FON PA,SPRINT CORP
FOR,FORTIS SEC INC
FOX,FOX ENTMT GROUP INC
FPC,FLORIDA PROGRESS CORP
FPC PA,FPC CAP I
FPF,FIRST PHILIPPINE FD
FPL,FPL GROUP INC
FR,FIRST INDL RLTY TR INC
FR PA,FIRST INDL RLTY TR INC
FR PB,FIRST INDL RLTY TR INC
FR PC,FIRST INDL RLTY TR INC
FR PD,FIRST INDL RLTY TR INC
FR PE,FIRST INDL RLTY TR INC
FRA,FLOORING AMER INC
FRC,FIRST REP BK SAN FRANCISCO
FRE,FEDERAL HOME LN MTG CORP
FRE PB,FEDERAL HOME LN MTG CORP
FRE PC,FEDERAL HOME LN MTG CORP
FRE PD,FEDERAL HOME LN MTG CORP
FRE PF,FEDERAL HOME LN MTG CORP
FRE PG,FEDERAL HOME LN MTG CORP
FRE PH,FEDERAL HOME LN MTG CORP
FRE PK,FEDERAL HOME LN MTG CORP
FRE PL,FEDERAL HOME LN MTG CORP
FRF,FRANCE GROWTH FD INC
FRG,FURRS RESTAURANT GROUP INC
FRK,FLORIDA ROCK INDS INC
FRT,FEDERAL RLTY INVT TR
FRT PA,FEDERAL RLTY INVT TR
FRW,FIRST WASHINGTON RLTY TR INC
FRW P,FIRST WASHINGTON RLTY TR INC
FRX,FOREST LABS INC
FS,FOUR SEASONS HOTELS INC
FSA,FINL SEC ASSURN HLDGS LTD
FSD,FINL SEC ASSURN HLDGS LTD
FSE,FINL SEC ASSURN HLDGS LTD
FSH,FISHER SCIENTIFIC INTL INC
FSI,FREEDOM SECS CORP
FSR,FIRSTAR CORP NEW WIS
FSS,FEDERAL SIGNAL CORP
FST,FOREST OIL CORP
FT,FRANKLIN UNVL TR
FTD,FORT DEARBORN INCM SECS INC
FTE,FRANCE TELECOM
FTL,FRUIT OF THE LOOM LTD
FTN,FIRST TENN NATL CORP
FTO,FRONTIER OIL CORP
FTR,FRONTIER INS GROUP INC NEW
FTS,FOOTSTAR INC
FTU,FIRST UN CORP
FUN,CEDAR FAIR L P
FUR,FIRST UN REAL ESTATE EQUITY
FUR PA,FIRST UN REAL ESTATE EQUITY
FVB,FIRST VA BKS INC
FVH,FAHNESTOCK VINER HLDGS LTD
FWC,FOSTER WHEELER CORP
FWC PA,FW PFD CAP TR I
FWG,FEDERAL HOME LN MTG CORP
FWJ,PUBLIC STEERS TR
FXN,SPRINT CORP
G,GILLETTE CO
GAB,GABELLI EQUITY TR INC
GAB P,GABELLI EQUITY TR INC
GAI,GLOBAL-TECH APPLIANCES INC
GAJ,GREAT ATLANTIC & PAC TEA INC
GAM,GENERAL AMERN INVS INC
GAM P,GENERAL AMERN INVS INC
GAP,GREAT ATLANTIC & PAC TEA INC
GAS,NICOR INC
GBE,GRUBB & ELLIS CO
GBI,BUFETE INDL S A
GBL,GABELLI ASSET MGMT INC
GBP,GABLES RESIDENTIAL TR
GBP PA,GABLES RESIDENTIAL TR
GBX,GREENBRIER COS INC
GCG,GENERAL CHEM GROUP INC
GCH,GREATER CHINA FD INC
GCI,GANNETT INC
GCO,GENESCO INC
GCS,GRAY COMMUNICATIONS SYS INC
GCSB,GRAY COMMUNICATIONS SYS INC
GCV,GABELLI SER FDS INC
GCV P,GABELLI SER FDS INC
GCW,GERBER CHILDRENSWEAR INC
GCX,GC COS INC
GD,GENERAL DYNAMICS CORP
GDC,GENERAL DATACOMM INDS INC
GDF,GLOBAL PARTNERS INCM FD INC
GDI,GARDNER DENVER INC
GDP,GOODRICH PETE CORP
GDT,GUIDANT CORP
GDW,GOLDEN WEST FINL CORP DEL
GE,GENERAL ELEC CO
GEL,GENESIS ENERGY L P
GEM,PEPSI-GEMEX S A DE C V
GEN,GENRAD INC
GER,GERMANY FD INC
GES,GUESS INC
GET,GAYLORD ENTMT CO NEW
GF,NEW GERMANY FD
GFD,GUILFORD MLS INC
GFF,GRIFFON CORP
GG,GOLDCORP INC NEW
GG A,GOLDCORP INC NEW
GGB,GERDAU S A
GGC,GEORGIA GULF CORP
GGG,GRACO INC
GGP,GENERAL GROWTH PPTYS INC
GGP PA,GENERAL GROWTH PPTYS INC
GGT,GABELLI GLBL MULTIMEDIA TR
GGT P,GABELLI GLBL MULTIMEDIA TR
GGY,COMP GENERALE GEOPHYSIQUE
GHI,GLOBAL HI INCOME DLR FD INC
GHS,INVESCO GLOBAL HEALTH SCIENC
GHV,GENESIS HEALTH VENTURES INC
GI,GIANT INDS INC
GI,GIANT INDS INC
GIB,GROUPE CGI INC
GIB,GROUPE CGI INC
GID,GRUPO INDL DURANGO SA DE C V
GIL,GILDAN ACTIVEWEAR INC
GIM,TEMPLETON GLOBAL INCOME FD
GIS,GENERAL MLS INC
GK,GENTEK INC
GL,GREAT LAKES REIT INC
GL PA,GREAT LAKES REIT INC
GLB,GLENBOROUGH RLTY TR INC
GLB PA,GLENBOROUGH RLTY TR INC
GLC,GALILEO INTL INC
GLE,GLEASON CORP
GLF PA,GTE FLA INC
GLF PB,GTE FLA INC
GLG,GLAMIS GOLD LTD
GLH,GALLAHER GROUP PLC
GLK,GREAT LAKES CHEM CORP
GLM,GLOBAL MARINE INC
GLR,G&amp;L RLTY CORP
GLR PA,G&amp;L RLTY CORP
GLR PB,G&amp;L RLTY CORP
GLT,GLATFELTER P H CO
GLW,CORNING INC
GLX,GLAXO WELLCOME PLC
GM,GENERAL MTRS CORP
GM PD,GENERAL MTRS CORP
GM PG,GENERAL MTRS CORP
GM PX,GENERAL MTRS CAP TR D
GM PY,GENERAL MTRS CAP TR G
GMD,GRUPO MEXICANO DE DESAROLLO
GMH,GENERAL MTRS CORP
GMK,GRUMA S A DE C V
GMP,GREEN MTN PWR CORP
GMT,GATX CORP
GMT P,GATX CORP
GNA,GAINSCO INC
GNI,GREAT NORTHN IRON ORE PPTYS
GNL,GALEY & LORD INC
GO,DISNEY WALT CO
GON,GEON CO
GOT,GOTTSCHALKS INC
GOU,GULF CDA RES LTD
GOU PA,GULF CDA RES LTD
GP,GEORGIA PAC CORP
GPB,GEORGIA PWR CO
GPC,GENUINE PARTS CO
GPD,GEORGIA PWR CO
GPE PA,GEORGIA PWR CAP TR IV
GPE PT,GEORGIA PWR CAP TR I
GPE PU,GEORGIA PWR CAP TR II
GPE PV,GEORGIA PWR CAP TR III
GPF,GEORGIA PWR CO
GPI,GROUP 1 AUTOMOTIVE INC
GPK,ACX TECHNOLOGIES INC
GPM,GETTY PETE MARKETING INC
GPO,GIANT GROUP LTD
GPS,GAP INC
GPT,GREENPOINT FINL CORP
GPU,GPU INC
GPW,GEORGIA PAC CORP
GPX,GP STRATEGIES CORP
GR,GOODRICH B F CO
GR PA,BFGOODRICH CAP
GRA,GRACE W R & CO DEL NEW
GRB,GERBER SCIENTIFIC INC
GRH,GRC INTL INC
GRL,GULF INDONESIA RES LTD
GRM PA,GRAND MET DEL L P
GRO,MISSISSIPPI CHEM CORP
GRR,ASIA TIGERS FD INC
GRT,GLIMCHER RLTY TR
GRT PB,GLIMCHER RLTY TR
GS,GOLDMAN SACHS GROUP INC
GSA,GS FINL PRODS U S L P
GSB,GOLDEN ST BANCORP INC
GSE,GUNDLE/SLT ENVIRONMENTAL INC
GSF,ACM GOVT SECS FD INC
GSH,GUANGSHEN RAILWAY LTD
GSI,GREENWICH STR MUN FD INC
GSU P,ENTERGY GULF STS INC
GSU PB,ENTERGY GULF STS INC
GSU PD,ENTERGY GULF STS INC
GSU PE,ENTERGY GULF STS INC
GSU PG,ENTERGY GULF STS INC
GSY,GUEST SUPPLY INC
GT,GOODYEAR TIRE & RUBBER CO
GTE,GTE CORP
GTE PY,GTE DEL L P
GTK,GTECH HLDGS CORP
GTR,GRUPO TRIBASA S A DE C V
GTS,GLOBAL TELESYSTEMS GROUP INC
GTW,GATEWAY INC
GTY,GETTY RLTY CORP NEW
GTY PA,GETTY RLTY CORP NEW
GUC,GUCCI GROUP N V
GUP PA,GULF PWR CAP TR I
GUP PB,GULF PWR CAP TR II
GUT,GABELLI UTIL TR
GVA,GRANITE CONSTR INC
GVG,GLOBAL VACATION GROUP INC
GVT,MORGAN STANLEY DEAN WITTER
GWF PT,GREAT WESTN FINL TR I
GWL,GREAT-WEST LIFE & ANNUITY IN
GWO,GENESIS WORLDWIDE INC
GWW,GRAINGER W W INC
GY,GENCORP INC
GYM,SPORT SUPPLY GROUP INC
H,HARCOURT GEN INC
H PA,HARCOURT GEN INC
HAE,HAEMONETICS CORP
HAL,HALLIBURTON CO
HAN,HANSON PLC
HAR,HARMAN INTL INDS INC NEW
HAS,HASBRO INC
HAT,HATTERAS INCOME SECS INC
HAZ,HAYES LEMMERZ INTL INC
HB,HILLENBRAND INDS INC
HBA PD,HSBC USA INC NEW
HBA PE,HSBC USA INC NEW
HBA PF,REPUBLIC N Y CORP
HBB PA,HSBC BK PLC
HBB PB,HSBC BK PLC
HBB PC,HSBC BK PLC
HBB PD,HSBC BK PLC
HBC,HSBC HLDGS PLC
HBC P,HARRIS PFD CAP CORP
HBI,HOMEBASE INC
HBP,HUTTIG BLDG PRODS INC
HC,HANOVER COMPRESSOR CO HLDG C
HCC,HCC INS HLDGS INC
HCN,HEALTH CARE REIT INC
HCN PB,HEALTH CARE REIT INC
HCO,HUNTCO INC
HCP,HEALTH CARE PPTY INVS INC
HCP PA,HEALTH CARE PPTY INVS INC
HCP PB,HEALTH CARE PPTY INVS INC
HCP PC,HEALTH CARE PPTY INVS INC
HCR,MANOR CARE INC NEW
HD,HOME DEPOT INC
HDC,HADCO CORP
HDD,QUANTUM CORP
HDI,HARLEY DAVIDSON INC
HDL,HANDLEMAN CO DEL
HE,HAWAIIAN ELEC INDS INC
HE PQ,HECO CAP TR I
HE PS,HAWAIIAN ELEC INDS CAP TR I
HE PT,HECO CAP TR II
HEI,HEICO CORP NEW
HEIA,HEICO CORP NEW
HET,HARRAHS ENTMT INC
HF,HELLER FINL INC
HF PA,HELLER FINL INC
HGR,HANGER ORTHOPEDIC GROUP INC
HGT,HUGOTON RTY TR TEX
HHS,HARTE HANKS INC
HI,HOUSEHOLD INTL INC
HI PM,HOUSEHOLD INTL INC
HI PN,HOUSEHOLD INTL INC
HI PO,HOUSEHOLD INTL INC
HI PP,HOUSEHOLD CAP TR IV
HI PT,HOUSEHOLD CAP TR I
HI PY,HOUSEHOLD CAP TR II
HI PZ,HOUSEHOLD INTL INC
HIB,HIBERNIA CORP
HIC,HIGHLANDS INS GROUP INC
HIF,SALOMON BROS HI INCM FD INC
HIG,HARTFORD FINL SVCS GROUP INC
HIG PB,HARTFORD CAP II
HIG PQ,HARTFORD CAP I
HIL,DOT HILL SYS CORP
HIO,HIGH INCM OPPORTUNITY FD INC
HIS,CIGNA HIGH INCOME SHARES
HIT,HITACHI LTD
HIW,HIGHWOODS PROPERTIES INC
HIW PB,HIGHWOODS PROPERTIES INC
HIW PD,HIGHWOODS PROPERTIES INC
HIX,SALOMON BROS HIGH INCOME FD
HKF,HANCOCK FABRICS INC
HKT,CABLE & WIRELESS HKT
HL,HECLA MNG CO
HL PB,HECLA MNG CO
HLI,HARTFORD LIFE INC
HLI PA,HARTFORD LIFE CAP I
HLR,HOLLINGER INTL INC
HLT,HILTON HOTELS CORP
HM,HOMESTAKE MNG CO
HMA,HEALTH MGMT ASSOC INC NEW
HMC,HONDA MTR LTD
HME,HOME PPTYS NY INC
HMK,HA-LO INDS INC
HMN,HORACE MANN EDUCATORS CP NEW
HMT,HOST MARRIOTT CORP NEW
HMT PA,HOST MARRIOTT CORP NEW
HMT PB,HOST MARRIOTT CORP NEW
HMX,HARTMARX CORP
HMY,HEILIG MEYERS CO
HNI,HON INDS INC
HNP,HUANENG PWR INTL INC
HNZ,HEINZ H J CO
HNZ P,HEINZ H J CO
HOE,HOECHST A G
HON,HONEYWELL INTL INC
HOT,STARWOOD HOTELS & RESORTS WO
HP,HELMERICH & PAYNE INC
HPC,HERCULES INC
HPC PA,HERCULES TR 1
HPG,HERITAGE PROPANE PRTNRS LP
HPN P,BCH INTL-PUERTO RICO INC
HPS,HEALTHPLAN SVCS CORP
HPT,HOSPITALITY PPTYS TR
HPT PA,HOSPITALITY PPTYS TR
HQH,H & Q HEALTHCARE FD
HQL,H & Q LIFE SCIENCES INVS
HR,HEALTHCARE RLTY TR
HR PA,HEALTHCARE RLTY TR
HRB,BLOCK H & R INC
HRC,HEALTHSOUTH CORP
HRD,HANNAFORD BROS CO
HRH,HILB ROGAL & HAMILTON CO
HRL,HORMEL FOODS CORP
HRL,HORMEL FOODS CORP
HRP,HRPT PPTYS TR
HRS,HARRIS CORP DEL
HRZ,HERTZ CORP
HS,CHS ELECTRONICS INC
HSB,HSB GROUP INC
HSC,HARSCO CORP
HSD,HOMESTEAD VLG PPTYS INC
HSE,HS RES INC
HSM,HUSSMANN INTL INC
HSY,HERSHEY FOODS CORP
HTB,HYPERION 2002 TERM TR INC
HTD,HUNTINGDON LIFE SCNCS GRP PL
HTN,HOUGHTON MIFFLIN CO
HTO,HYPERION 2005 INVT GRADE OPP
HTR,HYPERION TOTAL RETURN FD INC
HTT,HYPERION 1999 TERM TR INC
HTV,HEARST-ARGYLE TELEVISION INC
HU,HUDSON UTD BANCORP
HUBA,HUBBELL INC
HUBB,HUBBELL INC
HUF,HUFFY CORP
HUG,HUGHES SUPPLY INC
HUM,HUMANA INC
HUN,HUNT CORP
HVT,HAVERTY FURNITURE COS INC
HVTA,HAVERTY FURNITURE COS INC
HWG,HALLWOOD GROUP INC
HWK,HAWK CORP
HWL,HOWELL CORP
HWM,HOWMET INTL INC
HWP,HEWLETT PACKARD CO
HWY,HUNTWAY REFNG CO
HXL,HEXCEL CORP NEW
HXT,HOUSTON INDS INC
HYB,NEW AMER HIGH INC FD INC
HYC,HYPERCOM CORP
HYF,MANAGED HIGH YIELD PLUS FD I
HYI,HIGH YIELD INCOME FD INC
HYP,HIGH YIELD PLUS FD INC
HZO,MARINEMAX INC
IAC PA,IAC CAP TR
IAL,INTERNATIONAL ALUM CORP
IAM,ALTOS HORNOS DE MEXICO S A
IBA,INDUSTRIAS BACHOCO S A DE C
IBC,INTERSTATE BAKERIES CORP DEL
IBF,SCUDDER SPAIN & PORTUGAL FD
IBI,INTIMATE BRANDS INC
IBM,INTERNATIONAL BUSINESS MACHS
IBM PA,INTERNATIONAL BUSINESS MACHS
IBP,IBP INC
IBX,RALSTON PURINA CO
IC,ICICI LTD
IC D,ICICI LTD
ICA,EMPRESAS ICA SOC CONTRLADORA
ICB,MORGAN STANLEY DEAN WITTER
ICF,ICF KAISER INTL INC
ICI,IMPERIAL CHEM INDS PLC
ICM,INTERNACIONAL DE CERAMICA
ICN,ICN PHARMACEUTICAL INC NEW
ICO,INACOM CORP
ICS,MORGAN STANLEY DEAN WITTER
IDA,IDACORP INC
IDG,INDUSTRIAL DISTR GROUP INC
IDR,INTRAWEST CORP
IEE,INTEGRATED ELECTRICAL SVCS I
IEI,INDIANA ENERGY INC
IEM,MERRILL LYNCH & CO INC
IEU,IES UTILS INC
IEX,IDEX CORP
IF,INDONESIA FD
IFF,INTERNATIONAL FLAVRS & FRAGR
IFN,INDIA FD INC
IFS,INSIGNIA FINL GROUP INC NEW
IFT,INCOME OPPORTUNITIES FD 2000
IGF,INDIA GROWTH FD INC
IGL,IMC GLOBAL INC
IGL#,IMC GLOBAL INC
IGT,INTERNATIONAL GAME TECH
IGT,INTERNATIONAL GAME TECH
IHF,INTERNATIONAL HOME FOODS INC
IHI,INFORMATION HLDGS INC
IHP,IHOP CORP NEW
IIC,MORGAN STANLEY DEAN WITTER
IIF,MSDW INDIA INVT FD INC
III,INSTEEL INDS INC
IIM,MORGAN STANLEY DEAN WITTER
IIN,ITT INDS INC IND
IIR,IRI INTL CORP
IIS,CIGNA INVTS SECS INC
IIT,INDONESIAN SATELITE CORP
IKN,IKON OFFICE SOLUTIONS INC
IM,INGRAM MICRO INC
IMB,MORGAN STANLEY DEAN WITTER
IMC,INTERNATIONAL MULTIFOODS CRP
IMI,SAN PAOLO-IMI S P A
IMJ,INDIANA MICH PWR CO
IMK,INDIANA MICH PWR CO
IML,MERRILL LYNCH & CO INC
IMN,IMATION CORP
IMP,IMPERIAL BANCORP
IMR,IMCO RECYCLING INC
IMS,MORGAN STANLEY DEAN WITTER
IMT,MORGAN STANLEY DEAN WITTER
IMY,GRUPO IMSA S A DE C V
IN,INFONET SVCS CORP
IND,AMERICAN INDL PPTYS REIT
INF,INFINITY BROADCASTING CORP N
ING,ING GROEP N V
ING PA,ING CAP FDG TR I
INT,WORLD FUEL SVCS CORP
INV,AMERICAN RESIDENTIAL INVT TR
IO,INPUT/OUTPUT INC
IOF,INCOME OPPORTUNITIES FD 1999
IOM,IOMEGA CORP
ION,IONICS INC
IP,INTERNATIONAL PAPER CO
IPC PA,ILLINOIS PWR CO
IPC PB,ILLINOIS PWR CO
IPC PC,ILLINOIS PWR CO
IPC PD,ILLINOIS PWR CO
IPC PE,ILLINOIS PWR CO
IPC PM,ILLINOIS PWR CAP L P
IPC PT,ILLINOIS PWR FING I
IPG,INTERPUBLIC GROUP COS INC
IPL,IPALCO ENTERPRISES INC
IPP,INTERNATIONAL PAPER CAP TR I
IPS,IPSCO INC
IPX,INTERPOOL INC
IQC,MORGAN STANLEY DEAN WITTER
IQI,MORGAN STANLEY DEAN WITTER
IQM,MORGAN STANLEY DEAN WITTER
IQN,MORGAN STANLEY DEAN WITTER
IQT,MORGAN STANLEY DEAN WITTER
IR,INGERSOLL RAND CO
IR PG,INGERSOLL-RAND CO / FING I
IR PI,INGERSOLL-RAND CO / FING I
IRE,IRELAND BK
IRF,INTERNATIONAL RECTIFIER CORP
IRL,IRISH INVT FD INC
IRM,IRON MTN INC PA
IRS,IRSA INVERSIONES Y REPRESENT
IRT,IRT PPTY CO
IS,INTERIM SVCS INC
ISA,SANTA ISABEL S A
ISH,INTERNATIONAL SHIPHOLDING CO
ISL,FIRST ISRAEL FD INC
ISP,INTERNATIONAL SPECIALTY PROD
IST,ISPAT INTL N V
IT,GARTNER GROUP INC NEW
IT B,GARTNER GROUP INC NEW
ITA,ITALY FD INC
ITG,INVESTMENT TECHNOLOGY GRP NE
ITN,INTERTAN INC
ITN,INTERTAN INC
ITP,INTERTAPE POLYMER GROUP INC
ITW,ILLINOIS TOOL WKS INC
ITX,IT GROUP INC
ITX P,IT GROUP INC
ITY,IMPERIAL TOBACCO GROUP PLC
IV,MARK IV INDS INC
IVC,INVACARE CORP
IX,ORIX CORP
IXX,IVEX PACKAGING CORP DEL
J,JACKPOT ENTERPRISES INC
JASA,JO-ANN STORES INC
JASB,JO-ANN STORES INC
JAX,J ALEXANDER CORP
JBL,JABIL CIRCUIT INC
JBX,JACK IN THE BOX INC
JC,CRAIG JENNY INC
JCC,JILIN CHEM INDL LTD
JCI,JOHNSON CTLS INC
JCP,PENNEY J C INC
JDN,JDN RLTY CORP
JDN PA,JDN RLTY CORP
JEC,JACOBS ENGR GROUP INC
JEF,JEFFERIES GROUP INC NEW
JEM,MERRILL LYNCH & CO INC
JEQ,JAPAN EQUITY FD INC
JFC,JARDINE FLEMING CHINA REGION
JFI,JARDINE FLEMING INDIA FD INC
JGF,JAKARTA GROWTH FD INC
JH,HARLAND JOHN H CO
JHF,HANCOCK JOHN FINL SVCS INC
JHI,HANCOCK JOHN INVT TR
JHS,HANCOCK JOHN INCOME SECS TR
JII,JOHNSTON INDS INC
JIT,PENTACON INC
JLG,JLG INDS INC
JLK,JLK DIRECT DISTR INC
JLL,JONES LANG LASALLE INC
JM,JOHNS-MANVILLE CORP NEW
JNC,JOHN NUVEEN CO
JNJ,JOHNSON & JOHNSON
JNS,CHIC BY H I S INC
JNY,JONES APPAREL GROUP INC
JOE,ST JOE CO
JOF,JAPAN OTC EQUITY FD INC
JOS,JOSTENS INC
JP,JEFFERSON PILOT CORP
JPM,MORGAN J P & CO INC
JPM PA,MORGAN J P & CO INC
JPM PH,MORGAN J P & CO INC
JPR,JP RLTY INC
JQH,HAMMONS JOHN Q HOTELS L P
JRC,JOURNAL REGISTER CO
JRL,CINCINNATI GAS & ELEC CO
JS,JEFFERSON SMURFIT GROUP PLC
JSB,JSB FINL INC
JW A,WILEY JOHN & SONS INC
JW B,WILEY JOHN & SONS INC
JWL,WHITEHALL JEWELLERS INC
JWN,NORDSTROM INC
JYP P,JERSEY CENT PWR & LT CO
JYP PZ,JCP&amp;L CAP L P
K,KELLOGG CO
KAB,KANEB SVCS INC
KAB PA,KANEB SVCS INC
KBA,KLEINWORT BENSON AUSSIE FD
KBH,KAUFMAN & BROAD HOME CORP
KBH PG,KAUFMAN & BROAD HOME CORP
KBH PI,KAUFMAN & BROAD HOME CORP
KBL,KEEBLER FOODS CO
KCP,COLE KENNETH PRODTNS INC
KCS,KCS ENERGY INC
KDN,KAYDON CORP
KEF,KOREA EQUITY FD INC
KEG,KEY ENERGY SVCS INC
KEI,KEITHLEY INSTRS INC
KEM,KEMET CORP
KEP,KOREA ELEC PWR CO
KES,KEYSTONE CONS INDS INC
KEX,KIRBY CORP
KEY,KEYCORP NEW
KF,KOREA FD INC
KFY,KORN FERRY INTL
KGC,KINROSS GOLD CORP
KGC PB,KINAM GOLD INC
KGT,KEMPER INTERMEDIATE GOVT TR
KHI,KEMPER HIGH INCOME TRUST
KIF,KOREAN INVT FD INC
KIM,KIMCO RLTY CORP
KIM PA,KIMCO RLTY CORP
KIM PB,KIMCO RLTY CORP
KIM PC,KIMCO RLTY CORP
KIM PD,KIMCO RLTY CORP
KLM,KLM ROYAL DUTCH AIRLS
KLT,KANSAS CITY PWR & LT CO
KLT PA,KANSAS CITY PWR & LT CO
KLT PD,KANSAS CITY PWR & LT CO
KLT PE,KANSAS CITY PWR & LT CO
KLT PT,KCPL FING I
KLU,KAISER ALUM CORP
KM,K MART CORP
KM PT,KMART FING I
KMB,KIMBERLY CLARK CORP
KMD,KERR MCGEE CORP
KMG,KERR MCGEE CORP
KMI,KINDER MORGAN INC KANS
KMM,KEMPER MULTI-MARKET INCOME
KMP,KINDER MORGAN EGY PTNS L P
KMT,KENNAMETAL INC
KMX,CIRCUIT CITY STORES INC
KNP,K N ENERGY INC
KNT,KENT ELECTRONICS CORP
KO,COCA COLA CO
KOF,COCA-COLA FEMSA S A DE C V
KOL,KOLLMORGEN CORP
KOR,KOOR INDS LTD
KP,KEY PRODTN INC
KPA,INNKEEPERS USA TR
KPA PA,INNKEEPERS USA TR
KPC,KENTUCKY PWR CO
KPN,ROYAL KPN NV
KPP,KANEB PIPE LINE PARTNERS L P
KPT,KONOVER PPTY TR INC
KR,KROGER CO
KRB,MBNA CORP
KRB PA,MBNA CORP
KRB PB,MBNA CORP
KRB PC,MBNA CAP C
KRC,KILROY RLTY CORP
KRE PL,CAPITAL RE LLC
KRI,KNIGHT RIDDER INC
KRT,KRANZCO RLTY TR
KRT P,KRANZCO RLTY TR
KRT PD,KRANZCO RLTY TR
KSE,KEYSPAN CORP
KSE PA,KEYSPAN CORP
KSM,KEMPER STRATEGIC MUN INC TR
KSR,KAISER GROUP INTL INC
KSS,KOHLS CORP
KST,KEMPER STRATEGIC INCM TRUST
KSU,KANSAS CITY SOUTHN INDS INC
KSU P,KANSAS CITY SOUTHN INDS INC
KT,KATY INDS INC
KTB,CORTS TR BELLSOUTH
KTC,KOREA TELECOM
KTF,KEMPER MUNICIPAL INCOME FD
KTO,K2 INC
KTP,CORTS TR J C PENNEY
KTS,CORTSK TR SOUTHN CO CAP TR I
KTX,CORTS TR XEROX
KTZ,CORTS TR COUNTRYWIDE CAP I
KUB,KUBOTA LTD
KV A,K V PHARMACEUTICAL CO
KV B,K V PHARMACEUTICAL CO
KWD,KELLWOOD CO
KWR,QUAKER CHEM CORP
KYO,KYOCERA CORP
KYT,CORPORATE HIGH YIELD FD II I
L,LIBERTY FINL COS INC
LAB,LABRANCHE & CO INC
LAD,LITHIA MTRS INC
LAF,LAFARGE CORP
LAM,LATIN AMER INVT FD INC
LAQ,LATIN AMER EQUITY FD INC
LBC,LABORATORIO CHILE S A
LBF,SCUDDER GLOBAL HIGH INCOME F
LBI,LIBERTE INVS INC
LBY,LIBBEY INC
LC,LIBERTY CORP S C
LCP,LOEWS CINEPLEX ENTMT CORP
LD,LOUIS DREYFUS NAT GAS CORP
LDF,LATIN AMERN DISCOVERY FD INC
LDG,LONGS DRUG STORES CORP
LDL,LYDALL INC
LDP,LONDON PAC GROUP LTD
LDW,LAIDLAW INC
LE,LANDS END INC
LEA,LEAR CORP
LEE,LEE ENTERPRISES INC
LEG,LEGGETT & PLATT INC
LEH,LEHMAN BROTHERS HLDGS INC
LEH PC,LEHMAN BROTHERS HLDGS INC
LEH PD,LEHMAN BROTHERS HLDGS INC
LEH PI,LEHMAN BROS HLDGS CAP TR I
LEH PJ,LEHMAN BROS HLDGS CAP TR II
LEN,LENNAR CORP
LEO,DREYFUS STRATEGIC MUNS INC
LEQ,LEHMAN BROTHERS HLDGS INC
LEV,LEVIATHAN GAS PIPELINE L P
LEVP,EL PASO ENERGY PARTNERS L P
LFB,LONGVIEW FIBRE CO
LFG,LANDAMERICA FINL GROUP INC
LFL,LAN CHILE S A
LG,LACLEDE GAS CO
LGE,LG&amp;E ENERGY CORP
LH,LABORATORY CORP AMER HLDGS
LH PA,LABORATORY CORP AMER HLDGS
LH PB,LABORATORY CORP AMER HLDGS
LHO,LASALLE HOTEL PPTYS
LHP,LAKEHEAD PIPE LINE PARTNERS
LI,LILLY INDS INC
LII,LENNOX INTL INC
LIN,LINENS N THINGS INC
LIT,LITTON INDS INC
LIT PB,LITTON INDS INC
LIZ,LIZ CLAIBORNE INC
LLL,L-3 COMMUNICATIONS HLDGS INC
LLY,LILLY ELI & CO
LM,LEGG MASON INC
LMGA,AT&amp;T CORP
LMGB,AT&amp;T CORP
LMM,LASER MTG MGMT INC
LMS,LAMSON & SESSIONS CO
LMT,LOCKHEED MARTIN CORP
LNC,LINCOLN NATL CORP
LNC P,LINCOLN NATL CORP
LNC PG,LINCOLN NATL CORP
LNC PI,LINCOLN NATL CORP
LNC PX,LINCOLN NATL CAP I
LNC PY,LINCOLN NATL CAP II
LNC PZ,LINCOLN NATL CAP III
LND,LINCOLN NATL INCM FD INC NEW
LNN,LINDSAY MFG CO
LNR,LNR PPTY CORP
LNT,ALLIANT ENERGY CORP
LNV,LINCOLN NATL CV SECS FD INC
LNY,LANDRYS SEAFOOD RESTAURANTS
LOD,LODGIAN INC
LOR,LORAL SPACE & COMMUNICATIONS
LOW,LOWES COS INC
LPL PB,ENTERGY LA CAP I
LPX,LOUISIANA PAC CORP
LQ,QUINENCO S A
LQU,QUILMES INDL QUINSA SOCIETE
LR,LANIER WORLDWIDE INC
LRT,LL & E RTY TR
LRW,LABOR READY INC
LRY,LIBERTY PPTY TR
LRY PA,LIBERTY PPTY TR
LSH,LASALLE RE HLDGS LTD
LSH PA,LASALLE RE HLDGS LTD
LSI,LSI LOGIC CORP
LSI,LSI LOGIC CORP
LSO,LASMO PLC
LSO PA,LASMO PLC
LSS,LONE STAR TECHNOLOGIES INC
LTC,LTC PPTYS INC
LTC PA,LTC PPTYS INC
LTC PB,LTC PPTYS INC
LTD,LIMITED INC
LTG,CATALINA LIGHTING INC
LTR,LOEWS CORP
LTT,LIBERTY TERM TR INC-1999
LTV,LTV CORP NEW
LU,LUCENT TECHNOLOGIES INC
LUB,LUBYS CAFETERIAS INC
LUK,LEUCADIA NATL CORP
LUV,SOUTHWEST AIRLS CO
LUX,LUXOTTICA GROUP S P A
LVB,STEINWAY MUSICAL INSTRS INC
LWN,LOEWEN GROUP INC
LWN P,LOEWEN GROUP CAPITAL L P
LXK,LEXMARK INTL GROUP INC
LXP,LEXINGTON CORPORATE PPTYS TR
LYO,LYONDELL CHEMICAL CO
LZ,LUBRIZOL CORP
LZB,LA Z BOY INC
MAA,MID-AMER APT CMNTYS INC
MAA PA,MID-AMER APT CMNTYS INC
MAA PB,MID-AMER APT CMNTYS INC
MAA PC,MID-AMER APT CMNTYS INC
MAC,MACERICH CO
MAD,MADECO SA
MAF,MUNICIPAL ADVANTAGE FD INC
MAG,MAGNETEK INC
MAH,HANNA M A CO
MAI,MEDICAL ASSURN INC
MAL,MALAN RLTY INVS INC
MAN,MANPOWER INC WIS
MAR,MARRIOTT INTL INC NEW
MAS,MASCO CORP
MAT,MATTEL INC
MAV,MAVESA SA
MAY,MAY DEPT STORES CO
MBD,MBIA INC
MBG,MANDALAY RESORT GROUP
MBI,MBIA INC
MBK,BANK TOKYO-MITSUBISHI LTD
MC,MATSUSHITA ELEC INDL LTD
MCA,MUNIYIELD CALIF INSD FD II
MCC,MESTEK INC
MCD,MCDONALDS CORP
MCE,MCN ENERGY GROUP INC
MCF,MUNIHOLDINGS CALIF INSD FD I
MCG,MUNIHOLDINGS MICH INSD FD IN
MCH,MILLENNIUM CHEMS INC
MCI,MASSMUTUAL CORPORATE INVS IN
MCJ,MCDONALDS CORP
MCK,MCKESSON HBOC INC
MCL,MOORE LTD
MCM,CONTROLADORA COMERCIAL MEX
MCN,MCN ENERGY GROUP INC
MCN PA,MCN FING I
MCN PI,MCN ENERGY GROUP INC
MCN PS,MCN FING II
MCN PT,MCN MICH LTD PARTNERSHIP
MCO,MERRILL LYNCH & CO INC
MCR,MFS CHARTER INCOME TR
MCS,MARCUS CORP
MCT,MONSANTO CO
MCW,MCDONALDS CORP
MCY,MERCURY GEN CORP NEW
MDA,MEDIA ARTS GROUP INC
MDC,M D C HLDGS INC
MDG,MERIDIAN GOLD INC
MDP,MEREDITH CORP
MDR,MCDERMOTT INTL INC
MDS,MIDAS GROUP INC
MDT,MEDTRONIC INC
MDU,MDU RES GROUP INC
MDX,MEDPARTNERS INC NEW
ME PA,MISSION CAP L P
ME PB,MISSION CAP L P
MEA,MEAD CORP
MEC,MIDAMERICAN ENERGY HLDGS CO
MEC PA,MIDAMERICAN ENERGY FING I
MEE,MERRILL LYNCH & CO INC
MEH,MIDWEST EXPRESS HLDGS INC
MEL,MELLON FINL CORP
MEN,MUNIENHANCED FD INC
MER,MERRILL LYNCH & CO INC
MER PA,MERRILL LYNCH & CO INC
MER PB,MERRILL LYNCH PFD CAP TR I
MER PC,MERRILL LYNCH PFD CAP TR II
MER PD,MERRILL LYNCH PFD CAP TR III
MER PE,MERRILL LYNCH PFD CAP TR IV
MER PF,MERRILL LYNCH PFD CAP TR V
MF,MALAYSIA FD INC
MFA,AMERICA FIRST MTG INVTS INC
MFC,MANULIFE FINL CORP
MFD,MUNIHOLDINGS FLA INSD FD III
MFI,MICROFINANCIAL INC
MFL,MUNIHOLDINGS FLA INSD FD
MFM,MFS MUN INCOME TR
MFR,MUNIHOLDINGS FLA INSD FD IV
MFT,MUNIYIELD FLA INSD FD
MFV,MFS SPL VALUE TR
MFW,M & F WORLDWIDE CORP
MGA,MAGNA INTL INC
MGA PB,MAGNA INTL INC
MGB,MSDW GLBL OPTY BD FD INC
MGC,MORGAN GRENFELL SMALLCAP FD
MGF,MFS GOVT MKTS INCOME TR
MGG,MGM GRAND INC
MGG,MGM GRAND INC
MGI,MGI PROPERTIES
MGL,MAGELLAN HEALTH SVCS INC
MGM,METRO-GOLDWYN-MAYER INC NEW
MGS,METROGAS SA
MGX,MOSSIMO INC
MHC,MANUFACTURED HOME CMNTYS INC
MHD,MUNIHOLDINGS FD INC
MHF,MUNICIPAL HIGH INCOME FD
MHI,MORRISON MGMT SPECIALISTS IN
MHK,MOHAWK INDS INC
MHN,MUNIHOLDINGS N Y INSD FD INC
MHO,M I SCHOTTENSTEIN HOMES INC
MHP,MCGRAW HILL INC
MHU,MIIX GROUP INC
MHX,MERISTAR HOSPITALITY CORP
MHY,MANAGED HIGH INCOME PTFL INC
MI,MARSHALL & ILSLEY CORP
MIC,MUNIYIELD CALIF INSD FD INC
MIG,MEADOWBROOK INS GROUP INC
MIJ,MERRILL LYNCH & CO INC
MIL,MILLIPORE CORP
MIM,MERRILL LYNCH & CO INC
MIN,MFS INTER INCOME TRUST
MIR,MIRAGE RESORTS INC
MIX,MERRILL LYNCH & CO INC
MIY,MUNIYIELD MICH INSD FD INC
MJI,MUNIYIELD NJ INSD FD INC
MK,MORRISON KNUDSEN CORP NEW
MK #,MORRISON KNUDSEN CORP NEW
MKC,MCCORMICK & CO INC
MKG,MALLINCKRODT INC NEW
MKG P,MALLINCKRODT INC NEW
MKL,MARKEL CORP
MKS,MIKASA INC
MLG,MUSICLAND STORES CORP
MLI,MUELLER INDS INC
MLK,MATLACK SYS INC
MLM,MARTIN MARIETTA MTLS INC
MLR,MILLER INDS INC TENN
MLS,MILLS CORP
MLT,MITEL CORP
MM,MUTUAL RISK MGMT LTD
MMA,MUNICIPAL MTG & EQUITY L L C
MMC,MARSH & MCLENNAN COS INC
MME,MID ATLANTIC MED SVCS INC
MMH,MERISTAR HOTELS & RESORTS IN
MMI,MMI COS INC
MMM,MINNESOTA MNG & MFG CO
MMR,MCMORAN EXPLORATION CO
MMS,MAXIMUS INC
MMT,MFS MULTIMARKETING INCOME TR
MMU,MANAGED MUNS PORTFOLIO INC
MNA,MINNESOTA MUN TERM TR INC
MNC,MONACO COACH CORP
MNDA,MITCHELL ENERGY & DEV CORP
MNDB,MITCHELL ENERGY & DEV CORP
MNI,MCCLATCHY CO
MNJ,MUNIHOLDINGS N J INSD FD III
MNK,MUNIHOLDINGS NEW YORK INSD F
MNP,MUNICIPAL PARTNERS FD INC
MNS,MSC SOFTWARE CORP
MNT,MONTEDISON SPA
MNT P,MONTEDISON SPA
MNU,MUNIHOLDINGS NEW YORK INSD I
MNY,MONY GROUP INC
MO,PHILIP MORRIS COS INC
MOR,MORGAN KEEGAN INC
MOT,MOTOROLA INC
MOT PA,MOTOROLA CAP TR I
MP PB,MISSISSIPPI PWR CO
MP PC,MISSISSIPPI PWR CO
MP PD,MISSISSIPPI POWER CAP TR I
MPA,MUNIYIELD PA FD
MPH,CHAMPIONSHIP AUTO RACING TEA
MPL,MINNESOTA POWER INC
MPL P,MP&amp;L CAP I
MPO,MOTIVEPOWER INDS INC
MPP,GENERAL CIGAR HLDGS INC
MPR,MET PRO CORP
MPS,MODIS PROFESSIONAL SVCS INC
MPT,MUNICIPAL PARTNERS FD II INC
MPV,MASSMUTUAL PARTCN INVSTRS
MQT,MUNIYIELD QUALITY FD II INC
MQY,MUNIYIELD QUALITY FD INC
MRA,MERITOR AUTOMOTIVE INC
MRD,MACDERMID INC
MRE,MEDCO RESH INC
MRF,MENTOR INCOME FD INC
MRG,MORTONS RESTAURANT GROUP INC
MRK,MERCK & CO INC
MRL,MARINE DRILLING CO INC
MRO,USX-MARATHON GROUP
MRR,MID-ATLANTIC RLTY TR
MRX,MEDICIS PHARMACEUTICAL CORP
MSB,MESABI TR
MSC,MATERIAL SCIENCES CORP
MSD,MSDW EMRG MKT DEBT FD INC
MSE,MORGAN STANLEY FIN PLC
MSF,MSDW EMERGING MKTS FD INC
MSK,GRUPO INDL MASECA S A DE CV
MSM,MSC INDL DIRECT INC
MSO,MARTHA STEWART LIVING OMNIME
MSP,MORGAN STANLEY FIN PLC
MSR,MUNIHOLDINGS INSD FD III INC
MSV,MORGAN STANLEY FIN PLC
MSX,MASCOTECH INC
MSY,MSDW HI YLD FD INC
MT,MEDITRUST
MT P,MEDITRUST
MTA,MAGYAR TAVKOZLESI RT
MTB,M & T BK CORP
MTC,MONSANTO CO
MTD,METTLER-TOLEDO INTL INC
MTG,MGIC INVT CORP WIS
MTH,MERITAGE CORP
MTN,VAIL RESORTS INC
MTP,MONTANA PWR CO
MTP PA,MONTANA PWR CAP I
MTR,MESA RTY TR
MTS,MONTGOMERY STR INCOME SECS I
MTT PX,MET-ED CAP TR
MTU,MANAGED MUN PORTFOLIO II INC
MTW,MANITOWOC CO
MTX,MINERALS TECHNOLOGIES INC
MTZ,MASTEC INC
MU,MICRON TECHNOLOGY INC
MUA,MUNIASSETS FD INC
MUC,MUNIHOLDINGS CALIF FD INC
MUE,MUNIHOLDINGS INSD FD II INC
MUF,MUNIHOLDINGS FLA INSD FD II
MUH,MUNIHOLDINGS FD II INC
MUI,METALS USA INC
MUJ,MUNIHLDINGS NEW JERSEY INSD
MUK PA,MEPC INTL CAP L P
MUN,MUNIHOLDINGS N Y FD INC
MUO,PIONEER INT SHS
MUR,MURPHY OIL CORP
MUS,MUNIHOLDINGS INSD FD INC
MVJ,MUNIVEST N J FD INC
MVL,MARVEL ENTERPRISES INC
MVM,MUNIVEST MICH INSD FD INC
MVP,MUNIVEST PA INSD FD
MVS,MUNIVEST FLA FD
MVT,MUNIVEST FD II INC
MWC,MSDW CAP TR I
MWD,MORGAN STANLEY DEAN WITTER
MWD,MORGAN STANLEY DEAN WITTER
MWD PE,MORGAN STANLEY DEAN WITTER
MWD PF,MORGAN STANLEY DEAN WITTER
MWJ,MUNIHOLDINGS NEW JERSEY INSD
MWL,MAIL-WELL HLDGS INC
MWN,MORGAN STANLEY DEAN WITTER
MWT,MCWHORTER TECHNOLOGY INC
MWY,MIDWAY GAMES INC
MX,METSO CORP
MXE,MEXICO EQUITY & INCOME FD
MXF,MEXICO FD INC
MXT,METRIS COS INC
MYC,MUNIYIELD CALIF FD INC
MYD,MUNIYIELD FD INC
MYF,MUNIYIELD FLA FD
MYG,MAYTAG CORP
MYI,MUNIYIELD INSD FD INC
MYJ,MUNIYIELD N J FD INC
MYL,MYLAN LABS INC
MYM,MUNIYIELD MICH FD INC
MYN,MUNIYIELD N Y INSD FD INC
MYR,MYR GROUP INC
MYS,MASISA S A
MYT,MUNIYIELD N Y INSD FD II INC
MZ,MILACRON INC
N,INCO LTD
N PE,INCO LTD
NA,NABISCO HLDGS CORP
NAB,NATIONAL AUSTRALIA BK LTD
NAC,NUVEEN CALIF MUN ADVANTAGE F
NAD,NUVEEN DIVID ADVANTAGE MUN F
NAE PT,NORAM FING I
NAN,NUVEEN N Y DIVID ADVANTAGE M
NAP,NATIONAL PROCESSING INC
NAR P,NAB EXCHANGEABLE PFD TR
NAU,NATIONAL AUSTRALIA BK LTD
NAV,NAVISTAR INTL CORP NEW
NAV PD,NAVISTAR INTL CORP
NAZ,NUVEEN ARIZ PREM INCM MUN FD
NB PA,NB CAP TR I
NBD,NB CAP CORP
NBG,NATIONAL BK GREECE S A
NBL,NOBLE AFFILIATES INC
NBM,NATIONS BALANCED TGT MAT FD
NBP,NORTHERN BORDER PARTNERS L P
NBX,JEFFERSON PILOT CORP
NC,NACCO INDS INC
NCA,NUVEEN CALIF MUN VALUE FD IN
NCC,NATIONAL CITY CORP
NCD,AT&amp;T CAP CORP
NCE,NEW CENTY ENERGIES INC
NCF,AT&amp;T CAP CORP
NCH,NCH CORP
NCI,NAVIGANT CONSULTING INC
NCL,NUVEEN INSD CA PREM INCM MUN
NCO,NUVEEN CA MUN MKT OPP FD INC
NCP,NUVEEN CAL PERFORM PLUS MUN
NCR,NCR CORP NEW
NCS,NCI BLDG SYS INC
NCX,NOVA CHEMICALS CORP
NCX P,NOVA CHEMICALS CORP
NCX PA,NOVA CHEMICALS CORP
NDB,NATIONAL DISC BROKERS GROUP
NDC,NATIONAL DATA CORP
NDE,INDYMAC MTG HLDGS INC
NDN,99 CENTS ONLY STORES
NE,NOBLE DRILLING CORP
NEB,NEW ENGLAND BUSINESS SVC INC
NEG,ENERGY EAST CORP
NEG,ENERGY EAST CORP
NEM,NEWMONT MNG CORP
NES,NEW ENGLAND ELEC SYS
NET,NORTH EUROPEAN OIL RTY TR
NEU,NEUBERGER BERMAN INC
NEV,NUEVO ENERGY CO
NEV PT,NUEVO FING I
NEW,NVEST L P
NFB,NORTH FORK BANCORP INC N Y
NFF,NEFF CORP
NFG,NATIONAL FUEL GAS CO N J
NFI,NOVASTAR FINL INC
NFL,NUVEEN INSD FLA PREM INCM
NFO,NFO WORLDWIDE INC
NFS,NATIONWIDE FINL SVCS INC
NFS PA,NATIONWIDE FINL SVCS CAP TR
NFX,NEWFIELD EXPL CO
NFX PA,NEWFIELD FINL TR I
NGF,NATIONS GVT INCM TRM TR 2004
NGG,NATIONAL GRID GROUP PLC
NGH,NABISCO GROUP HLDG CORP
NGH PU,NABISCO GROUP HLDGS CAP TR I
NGI,NATIONS GOVT INCM TM TR 2003
NGT,EASTERN AMERN NAT GAS TR
NHI,NATIONAL HEALTH INVS INC
NHI P,NATIONAL HEALTH INVS INC
NHL,NEWHALL LD & FARMING CO
NHP,NATIONWIDE HLTH PPTYS
NHY,NORSK HYDRO A S
NI,NISOURCE INC
NI PA,NORTHERN IND PUB SVC CO
NI PB,NISOURCE INC
NIC,NIPSCO CAP MKTS INC
NIE,NBCI AUTOMATIC COM EXCHANGE
NIF,NUVEEN PREMIER INSD MUN INCM
NIM,NUVEEN SELECT MAT MUN FD
NIO,NUVEEN INSD MUN OPPORTNTY FD
NIS,NOVA CORP GA
NJP,NJ ECO DEV AUTH ST PENS FDG
NJR,NEW JERSEY RES CORP
NKE,NIKE INC
NL,NL INDS INC
NLC,NALCO CHEM CO
NLY,ANNALY MTG MGMT INC
NMA,NUVEEN MUN ADVANTAGE FD INC
NMGA,NEIMAN MARCUS GROUPS INC
NMGB,NEIMAN MARCUS GROUPS INC
NMI,NUVEEN MUN INCOME FD INC
NMK,NIAGARA MOHAWK HLDGS INC
NMK P,NIAGARA MOHAWK PWR CORP
NMK PA,NIAGARA MOHAWK PWR CORP
NMK PB,NIAGARA MOHAWK PWR CORP
NMK PC,NIAGARA MOHAWK PWR CORP
NMK PD,NIAGARA MOHAWK PWR CORP
NMK PE,NIAGARA MOHAWK PWR CORP
NMK PG,NIAGARA MOHAWK PWR CORP
NMK PH,NIAGARA MOHAWK PWR CORP
NMK PI,NIAGARA MOHAWK PWR CORP
NMK PK,NIAGARA MOHAWK PWR CORP
NMO,NUVEEN MUN MKT OPPORTNTY FD
NMP,NUVEEN MICH PREM INCM MUN FD
NMT,NUVEEN MASS PREM INCM MUN FD
NMY,NUVEEN MD PREM INCM MUN FD
NN,NEWBRIDGE NETWORKS CORP
NNC,NUVEEN N C PREM INCM MUN FD
NNF,NUVEEN INSD N Y PREM INCM
NNJ,NUVEEN N J PREM INCM MUN FD
NNN,COMMERCIAL NET LEASE RLTY
NNP,NUVEEN N Y PERFORM PLUS MUN
NNS,NEWPORT NEWS SHIPBLDING INC
NNY,NUVEEN N Y MUN VALUE FD
NOC,NORTHROP GRUMMAN CORP
NOI,NATIONAL-OILWELL INC
NOK,NOKIA CORP
NOP PA,NEWSCORP OVERSEAS LTD
NOP PB,NEWSCORP OVERSEAS LTD
NOR,NORTHWESTERN CORP
NOR PA,NWPS CAP FING I
NOR PB,NORTHWESTERN CAP FING I
NP,NATIONAL PWR PLC
NPC,NUVEEN INSD CALIF PREM INCM
NPF,NUVEEN PREMIER MUN INCM FD
NPI,NUVEEN PREMIUM INCM MUNI FD
NPK,NATIONAL PRESTO INDS INC
NPM,NUVEEN PREM INCOME MUN FD 2
NPP,NUVEEN PERFORM PLUS MUN FD
NPT,NUVEEN PREM INCM MUN FD 4
NPV,NUVEEN VA PREM INCM MUN FD
NPX,NUVEEN INSD PREM INCM MUN FD
NPY,NUVEEN PA PREM INCM MUN FD 2
NQC,NUVEEN CA INVT QUAL MUN FD
NQF,NUVEEN FLA INVT QUAL MUN FD
NQI,NUVEEN INSD QUALITY MUN FD
NQJ,NUVEEN N J INVT QUAL MUN FD
NQM,NUVEEN INVT QUALITY MUN FD
NQN,NUVEEN NY INVT QUAL MUN FD
NQP,NUVEEN PA INVT QUAL MUN FD
NQS,NUVEEN SELECT QUAL MUN FD
NQU,NUVEEN QUAL INCM MUN FD INC
NR,NEWPARK RES INC
NRI,NATIONSRENT INC
NRT,NORTEL INVERSORA S A
NRU,NATIONAL RURAL UTILS COOP FN
NRV,NATIONAL RURAL UTILS COOP FN
NRW,NCL HLDG ASA
NRX,NATIONAL RURAL UTILS COOP FN
NS,NATIONAL STL CORP
NSC,NORFOLK SOUTHN CORP
NSH,NASHUA CORP
NSI,NATIONAL SVC INDS INC
NSL,NUVEEN SR INCOME FD
NSM,NATIONAL SEMICONDUCTOR CORP
NSP,NORTHERN STS PWR CO MINN
NSP PA,NORTHERN STS PWR CO MINN
NSP PB,NORTHERN STS PWR CO MINN
NSP PC,NORTHERN STS PWR CO MINN
NSP PD,NORTHERN STS PWR CO MINN
NSP PE,NORTHERN STS PWR CO MINN
NSP PG,NORTHERN STS PWR CO MINN
NSP PT,NSP FING I
NSR P,NORFOLK SOUTHN RY CO VA
NSS,N S GROUP INC
NST,NSTAR
NSV,NATIONAL EQUIP SVCS INC
NT,NORTEL NETWORKS CORP
NTC,NUVEEN CONN PREM INCM MUN FD
NTG,NATCO GROUP INC
NTG,NATCO GROUP INC
NTK,NORTEK INC
NTL,NORTEL INVERSORA S A
NTT,NIPPON TELEG & TEL CORP
NTX,NUVEEN TEX QUAL INCM MUN FD
NTZ,INDUSTRIE NATUZZI S P A
NU,NORTHEAST UTILS
NUC,NUVEEN CA QLTY INCM MUN FD
NUE,NUCOR CORP
NUF,NUVEEN FLA QUAL INCOME MUN F
NUI,NUI CORP
NUM,NUVEEN MICH QUAL INCM MUN FD
NUN,NUVEEN NY QLTY INCM MUN FD
NUO,NUVEEN OHIO QUAL INCM MUN FD
NUS,NU SKIN ENTERPRISES INC
NUT,ML MACADAMIA ORCHARDS L P
NUV,NUVEEN MUN VALUE FD INC
NVB,INCO LTD
NVC,NUVEEN CA SELECT QTY MUN FD
NVH,NATIONAL R V HLDGS INC
NVN,NUVEEN N Y SELECT QTY MUN FD
NVO,NOVO-NORDISK A S
NVP P,NVP CAP I
NVP PB,NVP CAP III
NW,NATIONAL WESTMINSTER BK PLC
NW PB,NATIONAL WESTMINSTER BK PLC
NW PC,NATIONAL WESTMINSTER BK PLC
NWB,NORTHWEST AIRLINES INC
NWK,NETWORK EQUIP TECHNOLOGIES
NWL,NEWELL RUBBERMAID INC
NWS,NEWS CORP LTD
NWSA,NEWS CORP LTD
NWX PA,NATIONAL WESTMINSTER BK PLC
NX,QUANEX CORP
NXC,NUVEEN INSD CALIF SEL TAX FR
NXL,NEW PLAN EXCEL RLTY TR INC
NXL PA,NEW PLAN EXCEL RLTY TR INC
NXL PB,NEW PLAN EXCEL RLTY TR INC
NXN,NUVEEN INSD NY SEL TAX FREE
NXP,NUVEEN SELECT TAX-FREE INCM
NXQ,NUVEEN SELECT TX FR INCM PTL
NXR,NUVEEN SLCT TX FR INCM PTL 3
NXS,SALOMON SMITH BARNEY HLDGS I
NYE,NYCOMED AMERSHAM PLC
NYM,NYMAGIC INC
NYT,NEW YORK TIMES CO
NZT,TELECOM CORP NEW ZEALAND LTD
O,REALTY INCOME CORP
O PB,REALTY INCOME CORP
O PC,REALTY INCOME CORP
OAT,QUAKER OATS CO
OCA,ORTHODONTIC CTRS AMER INC
OCN,OCWEN FINL CORP
OCQ,ONEIDA LTD
OCR,OMNICARE INC
ODC,OIL DRI CORP AMER
ODP,OFFICE DEPOT INC
OE,ORBITAL ENGINE CORP LTD
OEA,OEA INC
OEC PA,OHIO EDISON CO
OEC PB,OHIO EDISON CO
OEC PC,OHIO EDISON CO
OEC PD,OHIO EDISON CO
OEC PM,OHIO EDISON CO
OEC PT,OHIO EDISON FING TR
OEI,OCEAN ENERGY INC
OFC,CORPORATE OFFICE PPTYS TR
OFC PB,CORPORATE OFFICE PPTYS TR
OFG,ORIENTAL FINL GROUP INC
OFG PA,ORIENTAL FINL GROUP INC
OG,OGDEN CORP
OG P,OGDEN CORP
OGE,OGE ENERGY CORP
OGE P,OGE ENERGY CAP TR I
OH,OAKWOOD HOMES CORP
OHI,OMEGA HEALTHCARE INVS INC
OHI PA,OMEGA HEALTHCARE INVS INC
OHI PB,OMEGA HEALTHCARE INVS INC
OI,OWENS ILL INC
OI PA,OWENS ILL INC
OIA,MORGAN STANLEY DEAN WITTER
OIB,MORGAN STANLEY DEAN WITTER
OIC,MORGAN STANLEY DEAN WITTER
OII,OCEANEERING INTL INC
OIL,TRITON ENERGY LTD
OJA,OHIO PWR CO
OJB,OHIO PWR CO
OK,OLD KENT FINL CORP
OKE,ONEOK INC NEW
OLN,OLIN CORP
OLS,OLSTEN CORP
OMC,OMNICOM GROUP INC
OME,OMEGA PROTEIN CORP
OMG,OM GROUP INC
OMI,OWENS & MINOR INC NEW
OMM,OMI CORP
OMN,OMNOVA SOLUTIONS INC
OMS,OPPENHEIMER MULTI SECTOR
OMX,OFFICEMAX INC
ONE,BANK ONE CORP
ONE PB,BANK ONE CORP
ONE PC,BANK ONE CORP
ONE PT,BANK ONE CAP I
OO,OAKLEY INC
OPJ,OHIO PWR CO
ORB,ORBITAL SCIENCES CORP
ORI,OLD REP INTL CORP
OS,OREGON STEEL MILLS INC
OSG,OVERSEAS SHIPHOLDING GROUP I
OSM,OSMONICS INC
OST,AUSTRIA FD INC
OTE,HELLENIC TELECOMMUNICATIONS
OTL,OCTEL CORP
OUI,REALTY INCOME CORP
OV,ONE VY BANCORP INC
OWC,OWENS CORNING
OWN,SUNTERRA CORP
OXM,OXFORD INDS INC
OXY,OCCIDENTAL PETE CORP
OXY PB,OXY CAP TR I
p,PHILLIPS PETE CO
P PC,PHILLIPS 66 CAP I
PA,PIMCO ADVISORS HLDGS L P
PAA,PLAINS ALL AMERN PIPELINE L
PAC PT,PACIFIC TELESIS FING I
PAC PU,PACIFIC TELESIS FING II
PAG,PACIFIC GULF PPTYS INC
PAI,PACIFIC AMERN INCOME SHS INC
PAP,ASIA PULP & PAPER LTD
PAP#,ASIA PULP & PAPER LTD
PAR,COASTCAST CORP
PAS,PEPSIAMERICAS INC
PB,PANAMERICAN BEVERAGES SA
PBG,PEPSI BOTTLING GROUP INC
PBI,PITNEY BOWES INC
PBI P,PITNEY BOWES INC
PBT,PERMIAN BASIN RTY TR
PBY,PEP BOYS MANNY MOE & JACK
PC,PC HLDGS S A
PC,PC HLDGS S A
PCF,PUTNAM HIGH INCOME CV & BD
PCG,PG&amp;E CORP
PCH,POTLATCH CORP
PCL,PLUM CREEK TIMBER CO INC
PCM,PIMCO COML MTG SECS TR INC
PCN,PAMECO CORP
PCP,PRECISION CASTPARTS CORP
PCQ,PACIFICORP
PCS,SPRINT CORP
PCS,SPRINT CORP
PCT,PROVIDENT CAP TR II
PCU,SOUTHERN PERU COPPER CORP
PCV,PUTNAM CONV OPPORT & INCM TR
PCX,PACIFICORP
PCZ,PETRO-CDA
PD,PHELPS DODGE CORP
PDE,PRIDE INTL INC
PDF,HANCOCK JOHN PATRIOT PRMDV1
PDG,PLACER DOME INC
PDG PA,PLACER DOME INC
PDI,PUTNAM DIVID INCOME FD
PDQ,PRIME HOSPITALITY CORP
PDS,PRECISION DRILLING CORP
PDT,HANCOCK JOHN PATRIOT PRMDV2
PDX,PEDIATRIX MED GROUP
PE,PECO ENERGY CO
PE PA,PECO ENERGY CO
PE PB,PECO ENERGY CO
PE PC,PECO ENERGY CO
PE PD,PECO ENERGY CO
PE PX,PECO ENERGY CAP TR II
PEB,PE CORP
PEB,PE CORP
PEC PX,PENELEC CAP TR
PEF,S&amp;P 500 PROTECTED EQUITY FD
PEG,PUBLIC SVC ENTERPRISES
PEG PA,PUBLIC SVC ELEC & GAS CO
PEG PB,PUBLIC SVC ELEC & GAS CO
PEG PC,PUBLIC SVC ELEC & GAS CO
PEG PD,PUBLIC SVC ELEC & GAS CO
PEG PE,PUBLIC SVC ELEC & GAS CO
PEG PR,ENTERPRISE CAP TR III
PEG PS,ENTERPRISE CAP TR I
PEG PT,PSE&amp;G CAP TR II
PEG PU,PSE&amp;G CAP TR I
PEG PW,PUBLIC SVC ELEC & GAS CO
PEG PX,PUBLIC SVC ELEC & GAS CAP LP
PEG PY,PUBLIC SVC ELEC & GAS CO
PEG PZ,PUBLIC SVC ELEC & GAS CAP LP
PEI,PENNSYLVANIA REAL ESTATE INV
PEO,PETROLEUM & RES CORP
PEP,PEPSICO INC
PEQ,POTOMAC EDISON CO
PER,PEROT SYS CORP
PFA,ALLIANCE FST PRODS INC
PFD,PREFERRED INCOME FD INC
PFE,PFIZER INC
PFG P,PENNCORP FINL GROUP INC
PFH,CABCO TR FOR J C PENNEY DEBS
PFO,PREFERRED INCM OPPORTNTY FD
PFP,PREMIER FARNELL
PFP P,PREMIER FARNELL
PG,PROCTER & GAMBLE CO
PGA,PERSONNEL GROUP AMER INC
PGB,PORTLAND GEN ELEC CO
PGD,HANCOCK JOHN PATRIOT GLBLDV
PGE,PRIME GROUP RLTY TR
PGE PB,PRIME GROUP RLTY TR
PGF,PORTUGAL FD INC
PGI,POLYMER GROUP INC
PGL,PEOPLES ENERGY CORP
PGM,PUTNAM INVT GRADE MUN TR
PGO,PETROLEUM GEO-SVCS ASA
PGO PA,PGS TR I
PGR,PROGRESSIVE CORP OHIO
PH,PARKER HANNIFIN CORP
PHG,KONINKLIJKE PHILIPS ELECTRS
PHI,PHILIPPINE LONG DISTANCE TEL
PHI PA,PHILIPPINE LONG DISTANCE TEL
PHM,PULTE CORP
PHR,PHILIPS INTL RLTY CORP
PHS,PROVANTAGE HEALTH SVCS INC
PHT,MANAGED HIGH YIELD FD
PHY,PROSPECT STR HI INCOME PRTFL
PI,PREMDOR INC
PIA,MORGAN STANLEY DEAN WITTER
PIC,PICCADILLY CAFETERIAS INC
PIF,INSURED MUN INCOME FD
PII,POLARIS INDS INC
PIK,WATER PIK TECHNOLOGIES INC
PIM,PUTNAM MASTER INTER INCOME
PIN,AMF BOWLING INC
PIO,PIONEER CORP JAPAN
PIR,PIER 1 IMPORTS INC
PKD,PARKER DRILLING CO
PKE,PARK ELECTROCHEMICAL CORP
PKF,PAKISTAN INVT FD INC
PKG,PACKAGING CORP AMER
PKI,PERKINELMER INC
PKS,PREMIER PKS INC
PKS PA,PREMIER PKS INC
PKX,POHANG IRON & STL LTD
PKY,PARKWAY PPTYS INC
PKY PA,PARKWAY PPTYS INC
PL,PROTECTIVE LIFE CORP
PL PP,PROTECTIVE LIFE CORP
PL PT,PLC CAP TR I
PLA,PLAYBOY ENTERPRISES INC
PLAA,PLAYBOY ENTERPRISES INC
PLB,AMERICAN ITALIAN PASTA CO
PLD,PROLOGIS TR
PLD PA,PROLOGIS TR
PLD PB,PROLOGIS TR
PLD PD,PROLOGIS TR
PLD PE,PROLOGIS TR
PLH,PIERCE LEAHY CORP
PLL,PALL CORP
PLP,PHOSPHATE RESOURCE PARTNERS
PLS,PARACELSUS HEALTHCARE CORP
PLT,PLANTRONICS INC NEW
PMB,PREMIER BANCSHARES INC GA
PMB P,PREMIER CAP TR I
PME,PENTON MEDIA INC
PMG,PUTNAM INVT GRADE MUN TR II
PMH,PUTNAM TAX-FREE HEALTH CARE
PMI,PMI GROUP INC
PMK,PRIMARK CORP
PMM,PUTNAM MANAGED MUN INCOME TR
PMO,PUTNAM MUN OPPORTUNITIES TR
PMS,POLICY MGMT SYS CORP
PMT,PUTNAM MASTER INCOME TR
PNC,PNC BK CORP
PNC PC,PNC BK CORP
PNC PD,PNC BK CORP
PNE,COPENE PETRO DO NORDEST S A
PNG,PENN-AMER GROUP INC
PNM,PUBLIC SVC CO N MEX
PNN,PENN ENGR & MFG CORP
PNNA,PENN ENGR & MFG CORP
PNP,PAN PAC RETAIL PPTYS INC
PNR,PENTAIR INC
PNU,PHARMACIA & UPJOHN INC
PNW,PINNACLE WEST CAP CORP
PNY,PIEDMONT NAT GAS INC
POB,PHILADELPHIA PA AU IND DEV P
POG,PATINA OIL & GAS CORP
POG P,PATINA OIL & GAS CORP
POG#,PATINA OIL & GAS CORP
POI,PROTECTION ONE INC
POM,POTOMAC ELEC PWR CO
POM PT,POTOMAC ELEC PWR CO TR I
POP,POPE & TALBOT INC
POS,CATALINA MARKETING CORP
POT,POTASH CORP SASK INC
PP,PRENTISS PPTYS TR
PPD,PRE PAID LEGAL SVCS INC
PPE,PARK PL ENTMT CORP
PPF,HANCOCK JOHN PATRIOT PFD DV
PPG,PPG INDS INC
PPL,PPL CORP
PPL,PPL CORP
PPL PA,PPL ELEC UTILS CORP
PPL PB,PPL ELEC UTILS CORP
PPL PC,PP&amp;L CAP TR
PPL PD,PP&amp;L CAP TR II
PPM,INVESTMENT GRADE MUN INCM FD
PPP,POGO PRODUCING CO
PPP PQ,POGO TR I
PPR,PILGRIM PRIME RATE TR NEW
PPS,POST PPTYS INC
PPS PA,POST PPTYS INC
PPS PB,POST PPTYS INC
PPS PC,POST PPTYS INC
PPT,PUTNAM PREMIER INCOME TR
PPW,PACIFICORP
PPW PA,PACIFICORP CAP I
PPW PB,PACIFICORP CAP II
PRD,POLAROID CORP
PRE,PARTNERRE LTD
PRE PA,PARTNERRE LTD
PRI,COX COMMUNICATIONS INC NEW
PRM,PRIMEDIA INC
PRN,PUERTO RICAN CEM INC
PRT,PRIME RETAIL INC
PRT PA,PRIME RETAIL INC
PRT PB,PRIME RETAIL INC
PRW,QUEBECOR PRTG INC
PRX,PHARMACEUTICAL RES INC
PRY,PITTWAY CORP DEL
PRYA,PITTWAY CORP DEL
PSA,PUBLIC STORAGE INC
PSA PA,PUBLIC STORAGE INC
PSA PB,PUBLIC STORAGE INC
PSA PC,PUBLIC STORAGE INC
PSA PD,PUBLIC STORAGE INC
PSA PE,PUBLIC STORAGE INC
PSA PF,PUBLIC STORAGE INC
PSA PG,PUBLIC STORAGE INC
PSA PH,PUBLIC STORAGE INC
PSA PI,PUBLIC STORAGE INC
PSA PJ,PUBLIC STORAGE INC
PSA PK,PUBLIC STORAGE INC
PSA PL,PUBLIC STORAGE INC
PSA PM,PUBLIC STORAGE INC
PSC,PHILADELPHIA SUBN CORP
PSD,PUGET SOUND ENERGY INC
PSD PC,PUGET SOUND ENERGY INC
PSG,PS GROUP HLDGS INC
PSJ,PETSEC ENERGY LTD
PSR PC,PSCO CAP TR I
PSS,PAYLESS SHOESOURCE INC
PST PA,PSO CAP I
PT,PORTUGAL TELECOM SA
PTA,PENN TREATY AMERN CORP
PTC,PAR TECHNOLOGY CORP
PTM,PUTNAM MANAGED HIGH YIELD TR
PTV,PACTIV CORP
PTX,PILLOWTEX CORP
PTZ,PULITZER INC
PV,PFEIFFER VACUUM TECHNLGY AG
PVA,PENN VA CORP
PVD,ADMIN FONDOS PENSIONES SA
PVH,PHILLIPS VAN HEUSEN CORP
PVI,PANAVISION INC
PVN,PROVIDIAN FINL CORP
PVY,PROVIDENCE ENERGY CORP
PWG,POWERGEN PLC
PWJ,PAINE WEBBER GROUP INC
PWJ PA,PWG CAP TR I
PWJ PB,PWG CAP TR II
PWN,CASH AMER INTL INC
PWR,QUANTA SVCS INC
PX,PRAXAIR INC
PXD,PIONEER NAT RES CO
PXP,PHOENIX INVT PARTNERS LTD
PXR,PAXAR CORP
PXT,PXRE GROUP LTD
PY,PECHINEY
PYM,PUTNAM HIGH YIELD MUN TR
PYX,PLAYTEX PRODS INC
PZB,PITTSTON CO
PZL,PENNZOIL-QUAKER ST CO
PZM,PITTSTON CO
PZN,PRISON REALTY TRUST
PZN PA,PRISON REALTY TRUST
PZX,PITTSTON CO
Q,QWEST COMMUNICATIONS INTL IN
R,RYDER SYS INC
RA,RECKSON ASSOCS RLTY CORP
RA PA,RECKSON ASSOCS RLTY CORP
RA B,RECKSON ASSOCS RLTY CORP
RAD,RITE AID CORP
RAH,RALCORP HLDGS INC NEW
RAL,RALSTON PURINA CO
RAM,ROYAL APPLIANCE MFG CO
RAY,RAYTECH CORP
RBA,RITCHIE BROS AUCTIONEERS INC
RBK,REEBOK INTL LTD
RBN,ROBBINS & MYERS INC
RBS PB,ROYAL BK SCOTLAND GROUP PLC
RBS PC,ROYAL BK SCOTLAND GROUP PLC
RBS PD,ROYAL BK SCOTLAND GROUP PLC
RBS PE,ROYAL BK SCOTLAND GROUP PLC
RBS PF,ROYAL BK SCOTLAND GROUP PLC
RBS PG,ROYAL BK SCOTLAND GROUP PLC
RBS PH,ROYAL BK SCOTLAND GROUP PLC
RBS PI,APPLIED MAGNETICS CORP
RBS PJ,ROYAL BK SCOTLAND GROUP PLC
RBS PX,ROYAL BK SCOTLAND GROUP PLC
RBT,MORGAN STANLEY DEAN WITTER
RC,GRUPO RADIO CENTRO SA DE CV
RCL,ROYAL CARIBBEAN CRUISES LTD
RCL P,ROYAL CARIBBEAN CRUISES LTD
RCN,ROGERS CANTEL MOBL COMM INC
RCS,RCM STRATGIC GLBL GVT FD INC
RD,ROYAL DUTCH PETE CO
RDA,READERS DIGEST ASSN INC
RDB,READERS DIGEST ASSN INC
RDC,ROWAN COS INC
RDK,RUDDICK CORP
RDN,RADIAN GROUP INC
RDO,RDO EQUIP CO
RDT,READERS DIGEST AUTOMATIC COM
RE,EVEREST REINS HLDGS INC
REG,REGENCY RLTY CORP
REI,RELIANT ENERGY INC
REI PA,HL&amp;P CAP TR I
REI PC,REI TR I
REL,RELIANCE GROUP HLDGS INC
REP,REPSOL S A
REP PA,REPSOL INTL FIN
RES,RPC INC
REV,REVLON INC
REY,REYNOLDS & REYNOLDS CO
RFI,COHEN & STEERS TL RET RLTY
RFS,RFS HOTEL INVS INC
RG,ROGERS COMMUNICATIONS INC
RGA,REINSURANCE GROUP AMER INC
RGB,BARRY R G CORP OHIO
RGC,REPUBLIC GROUP INC
RGO,RANGER OIL LTD
RGR,STURM RUGER & CO INC
RGS,R G S ENERGY GROUP INC
RHA,RHODIA
RHB,REHABCARE GROUP INC
RHD,R H DONNELLEY CORP
RHH,ROBERTSON CECO CORP
RHI,ROBERT HALF INTL INC
RI,RUBY TUESDAY INC
RIG,TRANSOCEAN OFFSHORE INC
RIG,TRANSOCEAN SEDCO FOREX INC
RIT,RIGHTCHOICE MANAGED CARE INC
RJF,RAYMOND JAMES FINL INC
RJR,REYNOLDS R J TOB HLDGS INC
RKT,ROCK-TENN CO
RKY,COORS ADOLPH CO
RL,POLO RALPH LAUREN CORP
RLC,ROLLINS TRUCK LEASING CORP
RLI,RLI CORP ILL
RLM,REYNOLDS METALS CO
RLR,RELIASTAR FINL CORP
RLR PA,RELIASTAR FING I
RLR PB,RELIASTAR FING II
RMD,RESMED INC
RMG,RAGEN MACKENZIE GROUP INC
RML,RUSSELL CORP
RMY,DELCO REMY INTL INC
RNE,MORGAN STANLEY DEAN WITTER E
RNR,RENAISSANCERE HLDGS LTD
RNS,PUBLIC STEERS TR
RNT,AARON RENTS INC
RNTA,AARON RENTS INC
ROC,R O C TAIWAN FD
ROH,ROHM & HAAS CO
ROK,ROCKWELL INTL CORP NEW
ROL,ROLLINS INC
ROM P,RIO ALGOM LTD
ROP,ROPER INDS INC NEW
ROS,ROSTELECOM LONG DISTANCE & I
ROU,ROUGE INDS INC DEL
ROV,RAYOVAC CORP
ROW,ROWE COMPANIES
RPM,RPM INC OHIO
RPO PA,RHONE POULENCE OVERSEAS LTD
RPT,RAMCO-GERSHENSON PPTYS TR
RRC,RANGE RES CORP
RS,RELIANCE STL & ALUM CO
RSC,REX STORE CORP
RSE,ROUSE CO
RSE PB,ROUSE CO
RSE PZ,ROUSE CAP
RSG,REPUBLIC SVCS INC
RST,BOCA RESORTS INC
RT,RYERSON TULL INC NEW
RTB,TELECOMUNICACOES BRASILEIRAS
RTI,RTI INTL METALS INC
RTNA,RAYTHEON CO
RTNB,RAYTHEON CO
RTP,RIO TINTO PLC
RTR,AUTOMATIC COM EXCHNG SEC TRI
RTY,SECURITY CAP U S RLTY
RUK,REED INTL PLC
RUS,RUSS BERRIE & CO INC
RVT,ROYCE VALUE TR INC
RVT P,ROYCE VALUE TR INC
RVT PA,ROYCE VALUE TR INC
RWT,REDWOOD TR INC
RWT PB,REDWOOD TR INC
RWY,RENT WAY INC
RX,IMS HEALTH INC
RY,ROYAL BK CDA MONTREAL QUE
RYD,DECS TR II
RYG,ROYAL GROUP TECHNOLOGIES LTD
RYL,RYLAND GROUP INC
RYN,RAYONIER INC
RZT,RESORTQUEST INTL INC
S,SEARS ROEBUCK & CO
SAC P,SOUTH CAROLINA ELEC & GAS CO
SAC PT,SCE&amp;G TR I
SAE,SUPER-SOL LTD
SAF,SCUDDER NEW ASIA FD INC
SAH,SONIC AUTOMOTIVE INC
SAI PV,SUNAMERICA CAP TR II
SAI PW,SUNAMERICA CAP TR III
SAJ,ST JOSEPH LT & PWR CO
SAM,BOSTON BEER INC
SAN,BANCO SANTIAGO
SAP,SAP AG
SAT,ASIA SATELLITE TELE HLDG
SB PG,SI FING TR I
SBC,SBC COMMUNICATIONS INC
SBF,SALOMON BROS FD INC
SBG,SALOMON BROS 2008 WRLDWIDE
SBH,SMITHKLINE BEECHAM P L C
SBL,SYMBOL TECHNOLOGIES INC
SBP,BANCO SANTANDER P R SAN JUAN
SBP PA,BANCO SANTANDER P R SAN JUAN
SBR,SABINE RTY TR
SBW,SALOMON BROS WORLDWIDE INCM
SC,SHELL TRANS & TRADING PLC
SCG,PUBLIC SVC CO N C INC
SCG,SCANA CORP NEW
SCH,SCHWAB CHARLES CORP NEW
SCI,SCI SYS INC
SCI,SCI SYS INC
SCL,STEPAN CO
SCL P,STEPAN CO
SCM,SWISSCOM
SCO,SCOR S A
SCRA,SEA CONTAINERS LTD
SCRB,SEA CONTAINERS LTD
SCS,STEELCASE INC
SCVA,SCANIA AKTIEBOLAG
SCVB,SCANIA AKTIEBOLAG
SCX,STARRETT L S CO
SCZ,SECURITY CAP GROUP INC
SCZA,SECURITY CAP GROUP INC
SDC,SANTA FE INTL CORP
SDH,SODEXHO MARRIOTT SVCS INC
SDP,SUNSOURCE INC
SDP P,SUNSOURCE CAP TR
SDS,SUNGARD DATA SYS INC
SDW,SOUTHDOWN INC
SE,STERLING COMM INC
SEC,SPECIALTY EQUIP COS INC
SEE,SEALED AIR CORP NEW
SEE PA,SEALED AIR CORP NEW
SEG,SEAGATE TECHNOLOGY
SEH,SPARTECH CORP
SEI,SEITEL INC
SEL,SELIGMAN SELECT MUN FD INC
SEM,GENERAL SEMICONDUCTOR INC
SEN,SEMCO ENERGY INC
SEP P,SWEDISH EXPT CR CORP
SEP PA,SWEDISH EXPT CR CORP
SEW,SINGER CO N V
SF,STIFEL FINL CORP
SFA,SCIENTIFIC ATLANTA INC
SFD,SMITHFIELD FOODS INC
SFE,SAFEGUARD SCIENTIFICS INC
SFF,SANTA FE ENERGY TRUST
SFG,STANCORP FINL GROUP INC
SFI,STARWOOD FINL INC
SFI PB,STARWOOD FINL INC
SFI PC,STARWOOD FINL INC
SFI PD,STARWOOD FINL INC
SFP,SALTON INC
SFS,SANTA FE SNYDER CORP
SFX,SFX ENTMT INC
SFY,SWIFT ENERGY CO
SG,SCIENTIFIC GAMES HLDGS CORP
SGE,STAGE STORES INC
SGF,SINGAPORE FD INC
SGG,SGL CARBON AG
SGH,STAR GAS PARTNERS L P
SGI,SILICON GRAPHICS INC
SGK,SCHAWK INC
SGL,STRATEGIC GLOBAL INCM FD INC
SGP,SCHERING PLOUGH CORP
SGR,SHAW GROUP INC
SGU,STAR GAS PARTNERS L P
SGV PB,SPG PPTYS INC
SGY,STONE ENERGY CORP
SH,SHANDONG HUANENG PWR DEV LTD
SHI,SHANGHAI PETROCHEMICAL LTD
SHN,SHONEYS INC
SHP,SCHEIN PHARMACEUTICAL INC
SHS,SAUER INC
SHU,SHURGARD STORAGE CTRS INC
SHU PB,SHURGARD STORAGE CTRS INC
SHU PC,SHURGARD STORAGE CTRS INC
SHW,SHERWIN WILLIAMS CO
SHX,SHAW INDS INC
SI,ACM GOVT SPECTRUM FD INC
SIA,SIGNAL APPAREL INC
SIB,STATEN IS BANCORP INC
SID,COMPANHIA SIDERURGICA NACL
SIE,SIERRA HEALTH SVCS INC
SIG,SIGCORP INC
SIH,SUN INTL HOTELS LTD NTH AMER
SII,SMITH INTL INC
SIZ,SIZELER PPTY INVS INC
SJI,SOUTH JERSEY INDS INC
SJI PT,SJG CAP TR
SJMA,SMUCKER J M CO
SJMB,SMUCKER J M CO
SJR,SHAW COMMUNICATIONS INC
SJR PA,SHAW COMMUNICATIONS INC
SJR PB,SHAW COMMUNICATIONS INC
SJT,SAN JUAN BASIN RTY TR
SK,SAFETY-KLEEN CORP NEW
SKI,AMERICAN SKIING CO
SKM,SK TELECOM LTD
SKO,SHOPKO STORES INC
SKP,SCPIE HLDGS INC
SKS,SAKS INC
SKT,TANGER FACTORY OUTLET CTRS
SKT PA,TANGER FACTORY OUTLET CTRS
SKX,SKECHERS U S A INC
SKY,SKYLINE CORP
SL,SL INDS INC
SLA,AMERICAN SELECT PORTF INC
SLB,SCHLUMBERGER LTD
SLE,SARA LEE CORP
SLG,SL GREEN RLTY CORP
SLG PA,SL GREEN RLTY CORP
SLI,SLI INC
SLM,SLM HLDG CORP
SLM PA,STUDENT LN MARKETING ASSN
SLR,SOLECTRON CORP
SLW,ST-LAURENT PAPERBOARD INC
SM,SULZER MEDICA
SMD,SUNRISE MED INC
SMF,SMART & FINAL INC
SMG,SCOTTS CO
SMI,SPRINGS INDS INC
SMP,STANDARD MTR PRODS INC
SMS,SHARED MED SYS CORP
SMT,SUMMIT PPTYS INC
SMU,SIMULA INC
SMVA,SMEDVIG ASA
SMVB,SMEDVIG ASA
SNA,SNAP ON TOOLS CORP
SNB,SUNBURST HOSPITALITY CORP
SNC,SNYDER COMMUNICATIONS INC
SNE,SONY CORP
SNF,SPAIN FD INC
SNH,SENIOR HSG PPTYS TR
SNN,SMITH & NEPHEW P L C
SNV,SYNOVUS FINL CORP
SO,SOUTHERN CO
SO PA,SOUTHERN CO CAP TR III
SO PB,SOUTHERN CO CAP TR IV
SO PC,SOUTHERN CO CAP TR V
SOA,SOUTHERN AFRICA FD INC
SOC,SUNBEAM CORP
SOI,SOLUTIA INC
SOL,SOLA INTL INC
SON,SONOCO PRODS CO
SOR,SOURCE CAP INC
SOR P,SOURCE CAP INC
SPA,SPARTON CORP
SPC,ST PAUL COS INC
SPC PM,ST PAUL CAP L L C
SPF,STANDARD PAC CORP NEW
SPG,SIMON PPTY GROUP INC NEW
SPG PB,SIMON PPTY GROUP INC NEW
SPH,SUBURBAN PROPANE PARTNERS LP
SPI,SCOTTISH PWR PLC
SPK,SPIEKER PPTYS INC
SPK PB,SPIEKER PPTYS INC
SPK PC,SPIEKER PPTYS INC
SPK PE,SPIEKER PPTYS INC
SPP,SAPPI LTD
SPS PT,SOUTHWESTERN PUB SVC CAP I
SPW,SPX CORP
SQA P,SEQUA CORP
SQAA,SEQUA CORP
SQAB,SEQUA CORP
SQF,SELIGMAN QUALITY MUN FD INC
SQM,SOCIEDA QUIMICA MIN DE CHILE
SQMA,SOCIEDAD QUIMICA Y MINER CHI
SR,STANDARD REGISTER CO
SRE,SEMPRA ENERGY CORP
SRF,SEARS ROEBUCK ACCEP CORP
SRH,SEARS ROEBUCK ACCEP CORP
SRI,STONERIDGE INC
SRM,SENSORMATIC ELECTRS CORP
SRP,SIERRA PAC RES NEW
SRP PT,SIERRA PAC PWR CAP I
SRR,STRIDE RITE CORP
SRT,STARTEK INC
SRV,SERVICE CORP INTL
SRW,SMITH CHARLES E RES RLTY INC
SSA,SAATCHI & SAATCHI PLC NEW
SSC,SUNSHINE MNG & REFNG CO
SSD,SIMPSON MFG INC
SSI,SUNSTONE HOTEL INVS INC
SSP,SCRIPPS E W CO OHIO
SSR,SSBH CAP I
SSS,SOVRAN SELF STORAGE INC
SSS PB,SOVRAN SELF STORAGE INC
SSW,STERLING SOFTWARE INC
ST,SPS TECHNOLOGIES INC
STC,STEWART INFORMATION SVCS CRP
STD,BANCO SANTANDER CENT HISPANO
STE,STERIS CORP
STI,SUNTRUST BKS INC
STJ,ST JUDE MED INC
STK,STORAGE TECHNOLOGY CORP
STL,STERLING BANCORP
STM,STMICROELECTRONICS N V
STN,STATION CASINOS INC
STO PE,STONE CONTAINER CORP
STR,QUESTAR CORP
STT,STATE STR CORP
STU,STUDENT LN CORP
STW,STANDARD COML CORP
STX,SNYDER STRYPES TR
SU,SUNCOR ENERGY INC
SU PA,SUNCOR ENERGY INC
SUA,ABBEY NATL PLC
SUB,SUMMIT BANCORP
SUD,ABBEY NATL PLC
SUG,SOUTHERN UN CO NEW
SUG PA,SOUTHERN UN FING I
SUI,SUN CMNTYS INC
SUN,SUNOCO INC
SUP,SUPERIOR INDS INTL INC
SUR,CNA SURETY CORP
SUS,STORAGE USA INC
SUT,SUPERIOR TELECOM INC
SUT PA,SUPERIOR TR I
SVA P,SAVANNAH ELEC CAP TR I
SVC P,STOKELY VAN CAMP INC
SVM,SERVICEMASTER CO
SVR,SILVERLEAF RESORTS INC
SVU,SUPERVALU INC
SW,STONE & WEBSTER INC
SWD,SHOREWOOD PACKAGING CORP
SWK,STANLEY WKS
SWM,SCHWEITZER-MAUDUIT INTL INC
SWN,SOUTHWESTERN ENERGY CO
SWO PA,SWEPCO CAP I
SWS,SOUTHWEST SECS GROUP INC
SWW,SITEL CORP
SWX,SOUTHWEST GAS CORP
SWX PA,SOUTHWEST GAS CAP I
SWY,SAFEWAY INC
SWZ,SWISS HELVETIA FD INC
SXI,STANDEX INTL CORP
SYB,SYBRON INTL
SYK,STRYKER CORP
SYM,SYMS CORP
SYX,SYSTEMAX INC
SYY,SYSCO CORP
SZ,SIZZLER INTL INC
SZA,SUIZA FOODS CORP
T,AT&amp;T CORP
TAC,TANDYCRAFTS INC
TAI,TRANSAMERICA INCOME SHS INC
TAN,TANDY CORP
TAP,TRAVELERS PPTY CAS CORP
TAP PA,TRAVELERS P&amp;C CAP I
TAP PB,TRAVELERS P&amp;C CAP II
TAR,TELEFONICA DE ARGENTINA S A
TBC,TASTY BAKING CO
TBE,TELELESTE CELULAR PARTICIPAC
TBH,TELECOM BRASILEIRAS-TELEBRAS
TBI,TUBOSCOPE INC / VETCO INTL
TBL,TIMBERLAND CO
TBW,TB WOODS CORP
TBY,TCBY ENTERPRISES INC
TC,THAI CAP FD INC
TCB,TCF FINL CORP
TCC,TRAMMELL CROW CO
TCH,TEMPLETON CHINA WORLD FD INC
TCI,TRANSCONTINENTAL RLTY INVS I
TCL P,TRANSCANADA CAP
TCN,TELE NORTE CELULAR PARTICIPA
TCO,TAUBMAN CTRS INC
TCO PA,TAUBMAN CTRS INC
TCP,TELESP CELULAR PARTICIPACOES
TCR,CORNERSTONE RLTY INCOME TR I
TCS,TELE CENTRO SUL PARTICIPACOE
TCT,TOWN & CTRY TR
TD,TORONTO DOMINION BK ONT
TDF,TEMPLETON DRAGON FD INC
TDI,TWIN DISC INC
TDK,TDK CORP
TDP,TELEFONICA DEL PERU S A
TDR,TRICOM SA
TDT,TCW / DW TERM TR 2000
TDW,TIDEWATER INC
TDY,TELEDYNE TECHNOLOGIES INC
TE,TECO ENERGY INC
TEA,TEMPLETON EMRG MKTS APPRN FD
TEC,COMMERCIAL INTERTECH CORP
TED PE,TOLEDO EDISON CO
TED PF,TOLEDO EDISON CO
TED PK,TOLEDO EDISON CO
TED PL,TOLEDO EDISON CO
TEE,NATIONAL GOLF PPTYS INC
TEF,TELEFONICA S A
TEI,TEMPLETON EMERGING MKTS INCM
TEK,TEKTRONIX INC
TEN,TENNECO AUTOMOTIVE INC
TEO,TELECOM ARGENTINA SA
TER,TERADYNE INC
TEX,TEREX CORP NEW
TFA,MORGAN STANLEY DEAN WITTER
TFB,MORGAN STANLEY DEAN WITTER
TFC,MORGAN STANLEY DEAN WITTER
TFD,TRANSAMERICA FIN CORP
TFI P,TCI COMMUNICATIONS FING I
TFI PA,TCI COMMUNICATIONS FING II
TFI PB,TCI COMMUNICATIONS FING IV
TFR,TEFRON LTD
TFS,THREE-FIVE SYS INC
TFX,TELEFLEX INC
TG,TREDEGAR INDS INC
TGG,TEMPLETON GLOBAL GOVT INC TR
TGH,TRIGON HEALTHCARE INC
TGI,TRIUMPH GROUP INC NEW
TGL,TRIANGLE BANCORP INC
TGN,TRIGEN ENERGY CORP
TGO,TELEGLOBE INC
TGP,GEORGIA PAC CORP
TGS,TRANSPORTADORA DE GAS DEL SU
TGT,TARGET CORP
TGT,TARGET CORP
TGX,THERAGENICS CORP
THC,TENET HEALTHCARE CORP
THO,THOR INDS INC
THW,TAG HEUER INTL S A
THX,HOUSTON EXPL CO
TI,TELECOM ITALIA SPA
TI A,TELECOM ITALIA SPA
TIE,TITANIUM METALS CORP
TIF,TIFFANY & CO NEW
TII,THOMAS INDS INC
TIN,TEMPLE INLAND INC
TIR,CHINA TIRE HLDGS LTD
TJX,TJX COS INC NEW
TK,TEEKAY SHIPPING CORP
TK,TEEKAY SHIPPING CORP
TKF,TURKISH INVT FD INC
TKM,MERRILL LYNCH & CO INC
TKR,TIMKEN CO
TKS,TOMKINS PLC
TL,EMPRESAS TELEX CHILE S A
TLB,TALBOTS INC
TLD,TELE DANMARK AS
TLI,TRAVELERS CORPORATE LN FD IN
TLK,PT TELEKOMUNIKIASI INDONESIA
TLM,TALISMAN ENERGY INC
TLM PA,TALISMAN ENERGY INC
TLM PB,TALISMAN ENERGY INC
TLS,TELSTRA LTD
TLSP,TELSTRA LTD
TM,TOYOTA MTR CORP
TMA,THORNBURG MTG ASSET CORP
TMA PA,THORNBURG MTG ASSET CORP
TMB,TELEMIG CELULAR PARTICIPACOE
TMC,TIMES MIRROR CO NEW
TME,TIMES MIRROR CO NEW
TMK,TORCHMARK CORP
TMK PM,TORCHMARK CAP L L C
TMM,TRANS MARITIMA MEXICANA S A
TMMA,TRANS MARITIMA MEXICANA S A
TMN,TRANSMEDIA NETWORK INC
TMN PA,TRANSMEDIA NETWORK INC
TMO,THERMO ELECTRON CORP
TMR,MERIDIAN RESOURCE CORP
TMS,THOMSON MULTIMEDIA
TMT,TCW / DW TERM TR 2003
TMX,TELEFONOS DE MEXICO S A
TNA,TERRA NOVA BERMUDA HLDGS LTD
TNB,THOMAS & BETTS CORP
TND,TELE NORDESTE CELULAR PARTIC
TNE,TELE NORTE LESTE PARTICIPACO
TNH,TERRA NITROGEN CO L P
TNL,TECHNITROL INC
TNM,NELSON THOMAS INC
TNMB,NELSON THOMAS INC
TNO,TRUE NORTH COMMUNICATIONS
TNP,TNP ENTERPRISES INC
TNT,AO TATNEFT
TOD,TODD SHIPYARDS CORP
TOK,TOKHEIM CORP
TOL,TOLL BROS INC
TOM,TOMMY HILFIGER CORP
TOO,TOO INC
TOS,TOSCO CORP
TOT,TOTAL FINA S A
TOT#,TOTAL FINA S A
TOY,TOYS R US INC
TP,TNT POST GROEP N V
TPI,P T TRI POLYTA INDONESIA
TPL,TEXAS PAC LD TR
TPP,TEPPCO PARTNERS LP
TPR,TRANSPRO INC
TR,TOOTSIE ROLL INDS INC
TRA,TERRA INDS INC
TRB,TRIBUNE CO NEW
TRC,TEJON RANCH CO
TRD,TRIBUNE CO NEW
TRE,TREMONT CORP DEL
TRF,TEMPLETON RUSSIA FD INC
TRH,TRANSATLANTIC HLDGS INC
TRK,SPEEDWAY MOTORSPORTS INC
TRL,TOTAL RENAL CARE HLDGS INC
TRM,TCW/DW TERM TR 2002
TRN,TRINITY INDS INC
TRO,TELE CENTRO OESTE CELULAR PA
TRP,TRANSCANADA PIPELINES LTD
TRP P,TRANSCANADA PIPELINES LTD
TRP PC,TRANSCANADA PIPELINES LTD
TRR,TRC COS INC
TRU,TORCH ENERGY RTY TR
TRW,TRW INC
TRW PB,TRW INC
TRW PD,TRW INC
TRY,TRIARC COS INC
TSA,SPORTS AUTH INC
TSD,TELE SUDESTE CELULAR PARTICI
TSG,SABRE HLDGS CORP
TSK,COMPUTER TASK GROUP INC
TSM,TAIWAN SEMICONDUCTOR MFG CO
TSN,TYSON FOODS INC
TSO,TESORO PETE CORP
TSO PA,TESORO PETE CORP
TSP,TELECOMUNICACOES DE SAO PAUL
TSP,TELECOMUNICACOES DE SAO PAUL
TSS,TOTAL SYS SVCS INC
TSU,TELE CELULAR SUL PARTICIPACO
TSY,TECH SYM CORP
TT,TRANSTECHNOLOGY CORP
TTC,TORO CO
TTF,THAI FD INC
TTI,TETRA TECHNOLOGIES INC DEL
TTN,TITAN CORP
TTN P,TITAN CORP
TTR,2002 TARGET TERM TR INC
TUC,MAC-GRAY CORP
TUE PA,TXU ELEC CO
TUE PB,TXU ELEC CO
TUE PM,TXU ELEC CAP I
TUE PO,TXU ELEC CAP III
TUG,MARITRANS INC
TUI,TRANSPORTATION COMPONENTS IN
TUP,TUPPERWARE CORP
TV,GRUPO TELEVISA SA DE CV
TVA,TENNESSEE VALLEY AUTH
TVB,TENNESSEE VALLEY AUTH
TVC,TENNESSEE VALLEY AUTH
TVE,TENNESSEE VALLEY AUTH
TVF,TEMPLETON VIETNAM & SOUTHWES
TVX,TVX GOLD INC
TW,20TH CENTY INDS CAL
TW,21ST CENTY INS GROUP
TWE,TD WATERHOUSE GROUP INC
TWI,TITAN INTL INC ILL
TWK,TRENWICK GROUP INC
TWN,TAIWAN FD INC
TWP,TREX INC
TWR,TOWER AUTOMOTIVE INC
TWX,TIME WARNER INC
TWX PT,TIME WARNER CAP I
TX,TEXACO INC
TXA,TRIBUNE CO NEW
TXC PA,TEXACO CAP LLC
TXC PB,TEXACO CAP LLC
TXI,TEXAS INDS INC
TXI PS,TXI CAP TR I
TXN,TEXAS INSTRS INC
TXT,TEXTRON INC
TXT PA,TEXTRON INC
TXT PB,TEXTRON INC
TXT PT,TEXTRON CAP I
TXU,TEXAS UTILS CO
TXU PA,TXU CAP I
TXU PB,TXU CAP II
TXU PG,TEXAS UTILS CO
TXU PI,TEXAS UTILS CO
TY,TRI CONTL CORP
TY P,TRI CONTL CORP
TYC,TYCO INTL LTD NEW
TYL,TYLER TECHNOLOGIES INC
TYW,TAIWAN EQUITY FD INC
TZA,TV AZTECA S A DE C V
TZH,TRIZEC HAHN CORP
U,US AIRWAYS GROUP INC
UAG,UNITED AUTO GROUP INC
UAH,UNITED AMERN HEALTHCARE CORP
UAL,UAL CORP
UAL PB,UAL CORP
UAL PT,UAL CORP CAP TR I
UAM,UNITED ASSET MGMT CORP
UB,UNIONBANCAL CORP
UBB,UNIBANCO-UNIAO DE BANCOS BRZ
UBH,U S B HLDG INC
UBP,URSTADT BIDDLE PPTYS INC
UBPA,URSTADT BIDDLE PPTYS INC
UBT,UNIONBANCAL FIN TR I
UCI,UICI
UCL,UNOCAL CORP
UCM,UNICOM CORP
UCP,UNICAPITAL CORP NEW
UCR,UCAR INTL INC
UCU,UTILICORP UTD INC
UCU PC,UTILICORP CAP L P
UCU PW,UTILICORP UTD INC
UDI,UNITED DOMINION INDS LTD
UDM,UNITED DOMINION RLTY TR INC
UDR,UNITED DOMINION RLTY TR INC
UDR PA,UNITED DOMINION RLTY TR INC
UDR PB,UNITED DOMINION RLTY TR INC
UDS,ULTRAMAR DIAMD SHAMROCK CORP
UDS PA,UDS CAP I
UEP PA,UNION ELEC CO
UEP PC,UNION ELEC CO
UEP PD,UNION ELEC CO
UEP PE,UNION ELEC CO
UFC,UNIVERSAL FOODS CORP
UFI,UNIFI INC
UFS,U S FOODSERVICE
UGI,UGI CORP NEW
UGP,ULTRAPAR PARTICIPACOES S A
UGS,UNIGRAPHICS SOLUTIONS INC
UH,U S HOME CORP NEW
UHS,UNIVERSAL HEALTH SVCS INC
UHT,UNIVERSAL HEALTH RLTY INCOME
UIC,UNITED INDL CORP
UIF,USLIFE INCOME FD INC
UIL,UNITED ILLUM CO
UIL PA,UNITED CAP FDG PARTNERSHP LP
UIS,UNISYS CORP
UK,UNION CARBIDE CORP
UL,UNILEVER PLC
UM,UTAH MED PRODS INC
UMG,MEDIAONE GROUP INC
UMG PA,MEDIAONE FIN TR I
UMG PB,MEDIAONE FIN TR II
UMG PC,MEDIAONE FIN TR III
UMG PX,MEDIAONE FING A
UMG PY,MEDIAONE FING B
UMX,MEDIAONE GROUP INC
UN,UNILEVER N V
UNA,UNOVA INC
UND,UNUMPROVIDENT CORP
UNF,UNIFIRST CORP
UNH,UNITED HEALTHCARE CORP
UNM,UNUMPROVIDENT CORP
UNO,UNO RESTAURANT CORP
UNP,UNION PAC CORP
UNR,SUPERMERCADOS UNIMARC SA
UNS,UNISOURCE ENERGY CORP
UNT,UNIT CORP
UPC,UNION PLANTERS CORP
UPK,UNITED PARK CITY MINES CO
UPM,UPM-KYMMENE CORP
UPR,UNION PAC RES GROUP INC
UPS,UNITED PARCEL SVC INC
URB,URBAN SHOPPING CTRS INC
URI,UNITED RENTALS INC
URS,URS CORP NEW
USA,LIBERTY ALL STAR EQUITY FD
USB,US BANCORP DEL
USB PA,USB CAP II
USC,U S CAN CORP
USG,USG CORP
USI,U S INDS INC NEW
UST,UST INC
USU,USEC INC
USV,U S RESTAURANT PPTYS INC
USV PA,U S RESTAURANT PPTYS INC
USW,U S WEST INC NEW
UTC,U S TR CORP NEW
UTX,UNITED TECHNOLOGIES CORP
UU,UNITED UTILS PLC
UVN,UNIVISION COMMUNICATIONS INC
UVV,UNIVERSAL CORP VA
UWR,UNITED WTR RES INC
UWZ,UNITED WIS SVCS INC NEW
UXL,LAIDLAW ONE INC
VAI,SAVIA S A DE C V
VAL,VALSPAR CORP
VAP,VAN KAMP AMRN CAP ADV PA MUN
VAR,VARIAN MED SYS INC
VBF,VAN KAMP AMERN CAP BD FD
VCD,VALUE CITY DEPT STORES INC
VCI,VALASSIS COMMUNICATIONS INC
VCO,VINA CONCHA Y TORO
VCV,VAN KAMP AMR CAP CAL VAL MUN
VEA,VIRGINIA ELEC & PWR CO
VEB,VEBA AG
VEL PE,VIRGINIA ELEC & PWR CO
VEL PT,VIRGINIA PWR CAP TR I
VES,VESTAUR SECS INC
VFC,V F CORP
VFM,VAN KAMP CAP AMERN FLA QLTY
VGM,VAN KAMP TR INVT
VHI,VALHI INC NEW
VIA,VIACOM INC
VIAB,VIACOM INC
VIC,VAN KAMP AMERN CAP TR INV CA
VIG,VAN KAMPEN AMERN CAP INVT GR
VIM,VAN KAMP AMERN CAP TR INSD
VIN,VAN KAMPEN AMERN CAP INCM TR
VIP,OPEN JT STK CO-VIMPELCOMMUNI
VIT,VAN KAMPEN HI INC
VKA,VAN KAMP AMR CAP ADV MUN INC
VKQ,VAN KAMPEN MUN TR
VKS,VAN KAMP STRGT TR
VKV,VAN KAMP VAL MUN
VL,VLASIC FOODS INTL INC
VLO,VALERO ENERGY CORP
VLT,VAN KAMPEN AM CAP HI INCM II
VLY,VALLEY NATL BANCORP
VMC,VULCAN MATLS CO
VMO,VAN KAMP AMERN CAP MUN OPPTY
VMT,VAN KAMPEN AMERN CAP MUN INC
VNM,VAN KAMP AMRN CAP NY QTY MUN
VNO,VORNADO RLTY TR
VNO PA,VORNADO RLTY TR
VNO PB,VORNADO RLTY TR
VNO PC,VORNADO RLTY TR
VNT,COMP ANON NAC TEL DE VENEZUE
VNV,VAN KAMP AMR CAP NY VAL MUN
VO,SEAGRAM LTD
VOD,VODAFONE AIRTOUCH PLC
VOL,VOLT INFORMATION SCIENCES IN
VOQ,VAN KAMP AMERN CAP OH QLTY
VOS,SEAGRAM JOSEPH E & SONS INC
VOT,VAN KAMP AMR CAP MUN OPP II
VOY,SEAGRAM LTD
VPA,VIRGINIA ELEC & PWR CO
VPI,VINTAGE PETE INC
VPQ,VAN KAMP AMERN CAP PA QLTY
VPV,VAN KAMP AMR CAP PA VAL MUN
VQC,VAN KAMP AMERN CAP CA QLTY
VRC,VARCO INTL INC
VRI,VASTAR RES INC
VSH,VISHAY INTERTECHNOLOGY INC
VTA,VESTA INS GROUP INC
VTF,VAN KAMP AMERN CAP TR INV FL
VTJ,VAN KAMP AMERN CAP TR INV NJ
VTN,VAN KAMP AMERN CAP TR INV NY
VTO,VITRO SA
VTP,VAN KAMP AMERN CAP TR INV PA
VTR,VENTAS INC
VTS,VERITAS DGC INC
VTX,VERTEX COMMUNICATIONS CORP
VVI,VIAD CORP
VVI P,VIAD CORP
VVR,VAN KAMPEN AMERN CAP SR INCM
VXS,VAN KAMP AMERN CAP CV SECS
W,WESTVACO CORP
WAB,WESTNGHOUSE AIR BRAKE CO NEW
WAC,WARNACO GROUP INC
WAG,WALGREEN CO
WAK,WACKENHUT CORP
WAKB,WACKENHUT CORP
WAT,WATERS CORP
WB,WACHOVIA CORP NEW
WBB,WEBB DEL CORP
WBK,WESTPAC BKG CORP
WBK PA,WESTPAC CAP TR I
WCC,WESCO INTL INC
WCG,WILLIAMS COMMUNICATIONS GRP
WCS,WALLACE COMPUTER SVCS INC
WDC,WESTERN DIGITAL CORP
WDN,WALDEN RESIDENTIAL PPTYS INC
WDN PB,WALDEN RESIDENTIAL PPTYS INC
WDN PD,WALDEN RESIDENTIAL PPTYS INC
WDN PS,WALDEN RESIDENTIAL PPTYS INC
WDR,WADDELL & REED FINL INC
WDRB,WADDELL & REED FINL INC
WDV,WORLDWIDE DLRVEST FD INC
WE,WESTCOAST ENERGY INC
WEA,WESTFIELD AMER INC
WEC,WISCONSIN ENERGY CORP
WEC PA,WEC CAP TR I
WEN,WENDYS INTL INC
WEN PT,WENDYS FING I
WES,WESTCORP INC
WFC,WELLS FARGO & CO NEW
WFC PB,WELLS FARGO & CO NEW
WFR,MEMC ELECTR MATLS INC
WFT,WEATHERFORD INTL INC NEW
WG,WILLBROS GROUP INC
WGL,WASHINGTON GAS LT CO
WGO,WINNEBAGO INDS INC
WGR,WESTERN GAS RES INC
WGR P,WESTERN GAS RES INC
WGR PA,WESTERN GAS RES INC
WH,WHITMAN CORP NEW
WHC,WACKENHUT CORRECTIONS CORP
WHI,WASHINGTON HOMES INC
WHR,WHIRLPOOL CORP
WHX,WHX CORP
WHX P,WHX CORP
WHX PB,WHX CORP
WIC,WICOR INC
WIN,WINN DIXIE STORES INC
WL,WILMINGTON TR CORP
WLA,WARNER LAMBERT CO
WLK,WATERLINK INC
WLL,WILLAMETTE INDS INC
WLM,WELLMAN INC
WLP,WELLPOINT HEALTH NTWRKS NEW
WLS,LYON WILLIAM HOMES
WLT,WALTER INDS INC
WLV,WOLVERINE TUBE INC
WM,WASHINGTON MUT INC
WMB,WILLIAMS COS INC
WMC,WMC LTD
WMI,WASTE MGMT INC DEL
WMK,WEIS MKTS INC
WMO,WAUSAU-MOSINEE PAPER CORP
WMS,WMS INDS INC
WMT,WAL MART STORES INC
WN,WYNNS INTL INC
WNC,WABASH NATL CORP
WND,WINDMERE-DURABLE HLDGS INC
WNI,WEIDER NUTRITION INTL INC
WOC,WILSHIRE OIL CO TEX
WON,WESTWOOD ONE INC
WPI,WATSON PHARMACEUTICALS INC
WPK,WBK STRYPES TR
WPO,WASHINGTON POST CO
WPS,WPS RES CORP
WPS PA,WPSR CAP TR I
WQP,WEST PENN PWR CO
WR,WESTERN RES INC
WR PA,WESTERN RES CAP I
WR PB,WESTERN RES CAP II
WRE,WASHINGTON REAL ESTATE INVT
WRI,WEINGARTEN RLTY INVS
WRI PA,WEINGARTEN RLTY INVS
WRI PC,WEINGARTEN RLTY INVS
WS,WEIRTON STL CORP
WSM,WILLIAMS SONOMA INC
WSO,WATSCO INC
WST,WEST PHARMACEUTICAL SVCS INC
WTM,WHITE MOUNT INS GRP LTD BERM
WTS,WATTS INDS INC
WTU,WILLIAMS COAL SEAM GAS RTY
WTX,WORLDTEX CORP
WVQ,MONONGAHELA PWR CO
WWW,WOLVERINE WORLD WIDE INC
WWY,WRIGLEY WM JR CO
WXH,WINSTON HOTELS INC
WXH PA,WINSTON HOTELS INC
WXS,WESTPOINT STEVENS INC
WY,WEYERHAEUSER CO
WYG,WYMAN GORDON CO
WYN,WYNDHAM INTL INC
WZR,WISER OIL CO DEL
X,USX-U S STEEL GROUP
X PA,USX-MARATHON GROUP
X PZ,USX CAP TR I
XAA,AMERICAN MUN INCOME PTFL INC
XL,XL CAPITAL LTD
XLC P,USX CAP TR I
XOM,EXXON MOBIL CORP
XRX,XEROX CORP
XSB,SALOMON SMITH BARNEY HLDGS I
XTO,CROSS TIMBERS OIL CO
XTO PA,CROSS TIMBERS OIL CO
XTR,XTRA CORP
XTS,SBC COMMUNICATIONS INC
XVF,MEDIAONE GROUP INC
Y,ALLEGHANY CORP DEL
YCC,YANKEE CANDLE INC
YCT,YORKSHIRE CAP TR I
YES,YANKEE ENERGY SYS INC
YLD,MORGAN STANLEY DEAN WITTER
YLH,MORGAN STANLEY DEAN WITTER
YLT,MORGAN STANLEY DEAN WITTER
YNR,YOUNG & RUBICAM INC
YPF,YPF SOCIEDAD ANONIMA
YRK,YORK INTL CORP NEW
YSB,SALOMON SMITH BARNEY HLDGS I
YUM,TRICON GLOBAL RESTAURANTS
YZC,YANZHOU COAL MNG CO LTD
Z,VENATOR GROUP INC
ZAP,ZAPATA CORP NEV
ZD,ZIFF-DAVIS INC
ZDZ,ZIFF-DAVIS INC
ZF,ZWEIG FD INC
ZIF,ZENIX INCOME FD INC
ZLC,ZALE CORP NEW
ZMX,ZEMEX CDA CORP
ZNH,CHINA SOUTHN AIRLS LTD
ZNT,ZENITH NATL INS CORP
ZQK,QUIKSILVER INC
ZTR,ZWEIG TOTAL RETURN FD INC
